1.25,0.0,0.0
1.233812828297391,0.20051410107220027,0.0
1.185670552433932,0.3958349922518406,0.0
1.1068200320665125,0.5809039650547106,0.0
0.9993034542543765,0.7509278302974736,0.0
0.8659054418869994,0.901503059179768,0.0
0.7100809334139448,1.0287298323670704,0.0
0.5358657017538178,1.1293130432629779,0.0
0.34777182989556593,1.2006476395392154,0.0
0.15067085031915403,1.2408860926225675,0.0
-0.050332425136768624,1.2489862477144622,0.0
-0.2500321172200554,1.2247383150528346,0.0
-0.44325610880316935,1.1687703033567685,0.0
-0.6249999999999998,1.0825317547305484,0.0
-0.7905567194942215,0.9682562022845682,0.0
-0.935638435213876,0.8289033228009943,0.0
-1.0564876069297433,0.6680822826597516,0.0
-1.1499743045735302,0.48995826232509393,0.0
-1.2136772717825648,0.29914458035944763,0.0
-1.2459466351677624,0.1005832108959076,0.0
-1.2459466351677626,-0.10058321089590674,0.0
-1.2136772717825652,-0.2991445803594468,0.0
-1.1499743045735302,-0.48995826232509365,0.0
-1.0564876069297437,-0.6680822826597509,0.0
-0.9356384352138767,-0.8289033228009937,0.0
-0.7905567194942221,-0.9682562022845677,0.0
-0.6250000000000006,-1.0825317547305482,0.0
-0.4432561088031699,-1.1687703033567685,0.0
-0.2500321172200557,-1.2247383150528346,0.0
-0.05033242513676893,-1.248986247714462,0.0
0.1506708503191529,-1.2408860926225675,0.0
0.3477718298955651,-1.2006476395392156,0.0
0.5358657017538172,-1.129313043262978,0.0
0.7100809334139445,-1.0287298323670706,0.0
0.8659054418869991,-0.9015030591797681,0.0
0.9993034542543757,-0.7509278302974745,0.0
1.106820032066512,-0.5809039650547114,0.0
1.1856705524339317,-0.39583499225184127,0.0
1.233812828297391,-0.2005141010722008,0.0
1.25,-3.061616997868383e-16,0.0
1.2467625656594783,0.0,0.04010282021444005
1.230617317881306,0.19999478008294427,0.04010282021444005
1.1825997279835359,0.3948098004141636,0.04010282021444005
1.1039534263220407,0.5793994542987,0.04010282021444005
0.9967153107988524,0.7489829666614267,0.04010282021444005
0.8636627922764317,0.8991682136102689,0.04010282021444005
0.7082418610952377,1.026065476137931,0.04010282021444005
0.5344778377340054,1.1263881818010109,0.04010282021444005
0.34687111912374996,1.1975380252199268,0.04010282021444005
0.15028062073120296,1.2376722628234218,0.04010282021444005
-0.050202066799505014,1.24575143893911,0.04010282021444005
-0.2493845471700382,1.2215663071493907,0.04010282021444005
-0.442108098764541,1.1657432496637532,0.04010282021444005
-0.6233812828297389,1.0797280543485726,0.04010282021444005
-0.7885092191167649,0.9657484695808088,0.04010282021444005
-0.9332151808134973,0.8267565067352275,0.04010282021444005
-1.0537513595225354,0.6663519846404101,0.04010282021444005
-1.146995931530055,0.488689296161995,0.04010282021444005
-1.2105339114001812,0.2983698116096583,0.04010282021444005
-1.2427196988292428,0.10032270566308013,0.04010282021444005
-1.2427196988292428,-0.10032270566307926,0.04010282021444005
-1.2105339114001814,-0.2983698116096575,0.04010282021444005
-1.146995931530055,-0.48868929616199475,0.04010282021444005
-1.0537513595225358,-0.6663519846404095,0.04010282021444005
-0.9332151808134979,-0.8267565067352269,0.04010282021444005
-0.7885092191167655,-0.9657484695808083,0.04010282021444005
-0.6233812828297397,-1.079728054348572,0.04010282021444005
-0.44210809876454155,-1.165743249663753,0.04010282021444005
-0.24938454717003847,-1.2215663071493907,0.04010282021444005
-0.05020206679950532,-1.2457514389391098,0.04010282021444005
0.15028062073120185,-1.237672262823422,0.04010282021444005
0.3468711191237491,-1.197538025219927,0.04010282021444005
0.5344778377340048,-1.126388181801011,0.04010282021444005
0.7082418610952372,-1.0260654761379313,0.04010282021444005
0.8636627922764314,-0.899168213610269,0.04010282021444005
0.9967153107988517,-0.7489829666614277,0.04010282021444005
1.1039534263220403,-0.5793994542987008,0.04010282021444005
1.1825997279835359,-0.3948098004141643,0.04010282021444005
1.230617317881306,-0.1999947800829448,0.04010282021444005
1.2467625656594783,-3.0536875706632436e-16,0.04010282021444005
1.2371341104867863,0.0,0.07916699845036812
1.2211135486743032,0.19845026725601123,0.07916699845036812
1.173466787372583,0.39176077683121985,0.07916699845036812
1.095427852671649,0.5749248880689654,0.07916699845036812
0.9890179119882888,0.7431987466998698,0.07916699845036812
0.8569929268916325,0.8922241481755833,0.07916699845036812
0.7027722751461501,1.0181414128773252,0.07916699845036812
0.5303501906236695,1.1176893497906157,0.07916699845036812
0.34419231474417034,1.1882897196395255,0.07916699845036812
0.14912003870869947,1.2281140099296353,0.07916699845036812
-0.04981436800017522,1.236130792461168,0.07916699845036812
-0.24745860874412892,1.2121324367775792,0.07916699845036812
-0.4386938015056345,1.1567404876853178,0.07916699845036812
-0.618567055243393,1.0713895675698215,0.07916699845036812
-0.7824197471686685,0.9582902204293066,0.07916699845036812
-0.9260081786284537,0.8203716599463596,0.07916699845036812
-1.045613484671473,0.6612059043922028,0.07916699845036812
-1.138137950696988,0.4849152632297653,0.07916699845036812
-1.2011852416358024,0.2960655714639426,0.07916699845036812
-1.2331224657698194,0.0995479369132908,0.07916699845036812
-1.2331224657698197,-0.09954793691328993,0.07916699845036812
-1.2011852416358026,-0.29606557146394175,0.07916699845036812
-1.138137950696988,-0.484915263229765,0.07916699845036812
-1.0456134846714737,-0.6612059043922022,0.07916699845036812
-0.9260081786284543,-0.8203716599463591,0.07916699845036812
-0.7824197471686691,-0.958290220429306,0.07916699845036812
-0.6185670552433937,-1.0713895675698213,0.07916699845036812
-0.438693801505635,-1.1567404876853178,0.07916699845036812
-0.2474586087441292,-1.2121324367775792,0.07916699845036812
-0.04981436800017552,-1.236130792461168,0.07916699845036812
0.14912003870869836,-1.2281140099296353,0.07916699845036812
0.3441923147441695,-1.1882897196395257,0.07916699845036812
0.530350190623669,-1.117689349790616,0.07916699845036812
0.7027722751461497,-1.0181414128773254,0.07916699845036812
0.8569929268916322,-0.8922241481755834,0.07916699845036812
0.9890179119882881,-0.7431987466998708,0.07916699845036812
1.0954278526716485,-0.5749248880689661,0.07916699845036812
1.173466787372583,-0.3917607768312205,0.07916699845036812
1.2211135486743032,-0.19845026725601175,0.07916699845036812
1.2371341104867863,-3.030104657047302e-16,0.07916699845036812
1.2213640064133024,0.0,0.11618079301094213
1.2055476633067437,0.1959205646623235,0.11618079301094213
1.1585082689655846,0.38676688961222927,0.11618079301094213
1.0814641189946044,0.5675961552804756,0.11618079301094213
0.976410616408622,0.7337249786714967,0.11618079301094213
0.8460685917425492,0.88085071052292,0.11618079301094213
0.6938138349697226,1.005162871661384,0.11618079301094213
0.523589664314815,1.1034418424115757,0.11618079301094213
0.33980479638314715,1.1731422490546324,0.11618079301094213
0.1472191627164008,1.2124588876704379,0.11618079301094213
-0.049179369934033074,1.2203734779709223,0.11618079301094213
-0.2443041827359099,1.196681036224646,0.11618079301094213
-0.43310164553200764,1.141995184227771,0.11618079301094213
-0.610682003206651,1.0577322568218601,0.11618079301094213
-0.7724460177747358,0.9460746195654475,0.11618079301094213
-0.9142040862296742,0.809914146612417,0.11618079301094213
-1.0322847490605709,0.6527773226904469,0.11618079301094213
-1.1236297791250227,0.47873390899894125,0.11618079301094213
-1.185873388125696,0.29229153853171286,0.11618079301094213
-1.2174034992845373,0.09827897075019187,0.11618079301094213
-1.2174034992845375,-0.09827897075019103,0.11618079301094213
-1.1858733881256962,-0.292291538531712,0.11618079301094213
-1.1236297791250227,-0.47873390899894097,0.11618079301094213
-1.0322847490605713,-0.6527773226904462,0.11618079301094213
-0.9142040862296748,-0.8099141466124165,0.11618079301094213
-0.7724460177747364,-0.9460746195654469,0.11618079301094213
-0.6106820032066518,-1.0577322568218597,0.11618079301094213
-0.4331016455320082,-1.141995184227771,0.11618079301094213
-0.24430418273591017,-1.196681036224646,0.11618079301094213
-0.04917936993403337,-1.220373477970922,0.11618079301094213
0.14721916271639968,-1.212458887670438,0.11618079301094213
0.3398047963831463,-1.1731422490546328,0.11618079301094213
0.5235896643148145,-1.103441842411576,0.11618079301094213
0.6938138349697222,-1.0051628716613845,0.11618079301094213
0.846068591742549,-0.8808507105229202,0.11618079301094213
0.9764106164086214,-0.7337249786714976,0.11618079301094213
1.081464118994604,-0.5675961552804764,0.11618079301094213
1.1585082689655843,-0.38676688961222994,0.11618079301094213
1.2055476633067437,-0.19592056466232402,0.11618079301094213
1.2213640064133024,-2.9914790420956766e-16,0.11618079301094213
1.1998606908508753,0.0,0.1501855660594947
1.1843228100332641,0.19247119027026596,0.1501855660594947
1.1381115905319332,0.3799574778129955,0.1501855660594947
1.0624238786583309,0.5576030662628463,0.1501855660594947
0.9592199463930577,0.7208070281919003,0.1501855660594947
0.831172721371254,0.8653424667132912,0.1501855660594947
0.6815985594608722,0.9874659898902867,0.1501855660594947
0.5143713528877,1.0840146626211367,0.1501855660594947
0.33382219846157346,1.1524879249967965,0.1501855660594947
0.14462722444402318,1.1911123554890857,0.1501855660594947
-0.048313518717442536,1.1988876016367336,0.1501855660594947
-0.2400029671220502,1.1756122886486648,0.1501855660594947
-0.4254764647459532,1.1218892349053116,0.1501855660594947
-0.5999303454254374,1.0391098392792049,0.1501855660594947
-0.7588463452873105,0.9294180446350455,0.1501855660594947
-0.8981086234098826,0.7956548108356697,0.1501855660594947
-1.0141103599408878,0.6412845353738874,0.1501855660594947
-1.1038471708370807,0.47030532729718527,0.1501855660594947
-1.164994919832827,0.28714545828350563,0.1501855660594947
-1.1959699123485719,0.0965486727308504,0.1501855660594947
-1.195969912348572,-0.09654867273084956,0.1501855660594947
-1.1649949198328273,-0.2871454582835048,0.1501855660594947
-1.1038471708370807,-0.470305327297185,0.1501855660594947
-1.0141103599408883,-0.6412845353738867,0.1501855660594947
-0.8981086234098832,-0.7956548108356691,0.1501855660594947
-0.7588463452873112,-0.929418044635045,0.1501855660594947
-0.5999303454254382,-1.0391098392792046,0.1501855660594947
-0.42547646474595374,-1.1218892349053113,0.1501855660594947
-0.24000296712205046,-1.1756122886486648,0.1501855660594947
-0.04831351871744283,-1.1988876016367336,0.1501855660594947
0.1446272244440221,-1.191112355489086,0.1501855660594947
0.3338221984615727,-1.1524879249967968,0.1501855660594947
0.5143713528876994,-1.084014662621137,0.1501855660594947
0.6815985594608719,-0.9874659898902869,0.1501855660594947
0.8311727213712538,-0.8653424667132914,0.1501855660594947
0.9592199463930571,-0.7208070281919013,0.1501855660594947
1.0624238786583304,-0.5576030662628471,0.1501855660594947
1.138111590531933,-0.37995747781299616,0.1501855660594947
1.1843228100332641,-0.19247119027026646,0.1501855660594947
1.1998606908508753,-2.938811108946513e-16,0.1501855660594947
1.1731810883773999,0.0,0.1803006118359536
1.157988701404745,0.1881914810647199,0.1803006118359536
1.1128050153291784,0.3715089016222992,0.1803006118359536
1.0388002638861598,0.545204436772506,0.1803006118359536
0.9378911312651557,0.7047794633930156,0.1803006118359536
0.8126911109959226,0.8461010721152606,0.1803006118359536
0.6664428178388895,0.9655091075061598,0.1803006118359536
0.5029340057661305,1.0599109641712432,0.1803006118359536
0.326399467123104,1.1268616836098981,0.1803006118359536
0.14141135373133876,1.1646272773562583,0.1803006118359536
-0.04723923944210257,1.172229636369646,0.1803006118359536
-0.2346663611276242,1.14947186354495,0.1803006118359536
-0.4160157473245067,1.096943373244222,0.1803006118359536
-0.5865905441886997,1.016004625774305,0.1803006118359536
-0.741972954080238,0.9087518921795021,0.1803006118359536
-0.878138654201554,0.7779629619226509,0.1803006118359536
-0.9915610244440567,0.62702519959714,0.1803006118359536
-1.0793024849964943,0.45984781396324265,0.1803006118359536
-1.1390905781190261,0.2807606114946379,0.1803006118359536
-1.1693768236050197,0.09440185666508355,0.1803006118359536
-1.16937682360502,-0.09440185666508273,0.1803006118359536
-1.1390905781190266,-0.2807606114946371,0.1803006118359536
-1.0793024849964943,-0.45984781396324237,0.1803006118359536
-0.9915610244440571,-0.6270251995971394,0.1803006118359536
-0.8781386542015545,-0.7779629619226505,0.1803006118359536
-0.7419729540802387,-0.9087518921795016,0.1803006118359536
-0.5865905441887005,-1.0160046257743047,0.1803006118359536
-0.4160157473245072,-1.096943373244222,0.1803006118359536
-0.23466636112762446,-1.14947186354495,0.1803006118359536
-0.04723923944210286,-1.1722296363696458,0.1803006118359536
0.1414113537313377,-1.1646272773562583,0.1803006118359536
0.32639946712310325,-1.1268616836098984,0.1803006118359536
0.50293400576613,-1.0599109641712434,0.1803006118359536
0.6664428178388891,-0.9655091075061601,0.1803006118359536
0.8126911109959224,-0.8461010721152608,0.1803006118359536
0.937891131265155,-0.7047794633930164,0.1803006118359536
1.0388002638861593,-0.5452044367725067,0.1803006118359536
1.1128050153291784,-0.3715089016222998,0.1803006118359536
1.157988701404745,-0.1881914810647204,0.1803006118359536
1.1731810883773999,-2.8734649294031816e-16,0.1803006118359536
1.142016186682789,0.0,0.2057459664734141
1.1272273770019945,0.18319227926608117,0.2057459664734141
1.0832439703621397,0.36163997472564663,0.2057459664734141
1.0112051138917766,0.5307213848005542,0.2057459664734141
0.9129765761332175,0.6860573897842409,0.2057459664734141
0.791102424617333,0.8236248687418779,0.2057459664734141
0.648739135850839,0.9398608962293332,0.2057459664734141
0.4895738442327933,1.0317550201906571,0.2057459664734141
0.31772884721042377,1.096927231085013,0.2057459664734141
0.13765483994058686,1.1336896028836243,0.2057459664734141
-0.045984355376951565,1.1410900094672922,0.2057459664734141
-0.22843258004469744,1.1189367841927538,0.2057459664734141
-0.40496452087939744,1.0678036839580667,0.2057459664734141
-0.5710080933413942,0.9890150292003272,0.2057459664734141
-0.7222628561225968,0.8846114046919854,0.2057459664734141
-0.8548113903174419,0.7572968094671074,0.2057459664734141
-0.9652207585148245,0.610368624666738,0.2057459664734141
-1.0506314160738042,0.44763221309938345,0.2057459664734141
-1.1088312718277564,0.2733023623431356,0.2057459664734141
-1.138312980083632,0.09189412396132411,0.2057459664734141
-1.1383129800836322,-0.09189412396132332,0.2057459664734141
-1.1088312718277566,-0.2733023623431348,0.2057459664734141
-1.0506314160738042,-0.4476322130993832,0.2057459664734141
-0.965220758514825,-0.6103686246667375,0.2057459664734141
-0.8548113903174425,-0.757296809467107,0.2057459664734141
-0.7222628561225974,-0.8846114046919848,0.2057459664734141
-0.571008093341395,-0.9890150292003269,0.2057459664734141
-0.40496452087939794,-1.0678036839580665,0.2057459664734141
-0.2284325800446977,-1.1189367841927538,0.2057459664734141
-0.04598435537695184,-1.141090009467292,0.2057459664734141
0.13765483994058583,-1.1336896028836245,0.2057459664734141
0.31772884721042305,-1.0969272310850133,0.2057459664734141
0.4895738442327928,-1.0317550201906573,0.2057459664734141
0.6487391358508386,-0.9398608962293334,0.2057459664734141
0.7911024246173328,-0.823624868741878,0.2057459664734141
0.9129765761332168,-0.6860573897842418,0.2057459664734141
1.0112051138917761,-0.530721384800555,0.2057459664734141
1.0832439703621395,-0.3616399747256473,0.2057459664734141
1.1272273770019945,-0.18319227926608164,0.2057459664734141
1.142016186682789,-2.797132935191087e-16,0.2057459664734141
1.1071731403507636,0.0,0.22586260865259555
1.092835538968864,0.1776030615749747,0.22586260865259555
1.0501940711677609,0.3506062971457524,0.22586260865259555
0.9803531285649707,0.5145290137854673,0.22586260865259555
0.8851215548881469,0.6651256992377913,0.22586260865259555
0.7669657978726758,0.7984959784543073,0.22586260865259555
0.6289460295608951,0.9111856312594913,0.22586260865259555
0.47463688945363214,1.0002760548388392,0.22586260865259555
0.30803490322480426,1.0634598540186917,0.22586260865259555
0.13345497480574212,1.0991006015892133,0.22586260865259555
-0.04458136736011667,1.1062752209095503,0.22586260865259555
-0.2214630755288632,1.0847978931079598,0.22586260865259555
-0.3926090063706118,1.0352248696929824,0.22586260865259555
-0.5535865701753816,0.9588400659315551,0.22586260865259555
-0.700226532598252,0.8576218081180077,0.22586260865259555
-0.8287309956388974,0.7341915959622076,0.22586260865259555
-0.9357717612048536,0.5917462071240829,0.22586260865259555
-1.018576529693889,0.433974902351422,0.22586260865259555
-1.0750007010974796,0.2649638755643848,0.22586260865259555
-1.103582919014527,0.08909042357934814,0.22586260865259555
-1.103582919014527,-0.08909042357934736,0.22586260865259555
-1.07500070109748,-0.26496387556438405,0.22586260865259555
-1.018576529693889,-0.4339749023514217,0.22586260865259555
-0.9357717612048542,-0.5917462071240823,0.22586260865259555
-0.8287309956388978,-0.7341915959622072,0.22586260865259555
-0.7002265325982525,-0.8576218081180073,0.22586260865259555
-0.5535865701753823,-0.9588400659315549,0.22586260865259555
-0.3926090063706123,-1.0352248696929824,0.22586260865259555
-0.22146307552886346,-1.0847978931079598,0.22586260865259555
-0.04458136736011693,-1.10627522090955,0.22586260865259555
0.13345497480574112,-1.0991006015892133,0.22586260865259555
0.30803490322480354,-1.063459854018692,0.22586260865259555
0.47463688945363164,-1.0002760548388394,0.22586260865259555
0.6289460295608947,-0.9111856312594915,0.22586260865259555
0.7669657978726756,-0.7984959784543074,0.22586260865259555
0.8851215548881464,-0.6651256992377921,0.22586260865259555
0.9803531285649704,-0.5145290137854681,0.22586260865259555
1.0501940711677606,-0.35060629714575303,0.22586260865259555
1.092835538968864,-0.17760306157497519,0.22586260865259555
1.1071731403507636,-2.711792084864972e-16,0.22586260865259555
1.0695543659791131,0.0,0.24012952790784306
1.05570391784521,0.17156858579371917,0.24012952790784306
1.014511292774863,0.3386936353362116,0.24012952790784306
0.9470433581199043,0.4970466976310751,0.24012952790784306
0.8550474979486219,0.6425265115439083,0.24012952790784306
0.7409063567162507,0.7713652263113981,0.24012952790784306
0.607576130025127,0.8802259868969291,0.24012952790784306
0.4585100007114057,0.9662893567832616,0.24012952790784306
0.2975687032234784,1.0273263398973473,0.24012952790784306
0.1289205326277093,1.0617561104377833,0.24012952790784306
-0.043066612044278196,1.0686869554326985,0.24012952790784306
-0.21393835408616935,1.0479393696373294,0.24012952790784306
-0.379269205133874,1.0000507046255713,0.24012952790784306
-0.5347771829895563,0.9262612516664708,0.24012952790784306
-0.6764347127113357,0.8284821188318522,0.24012952790784306
-0.8005729386886934,0.709245734301118,0.24012952790784306
-0.9039767460756256,0.5716402578016234,0.24012952790784306
-0.983968030576331,0.41922959889387507,0.24012952790784306
-1.0384750599397288,0.2559611135859495,0.24012952790784306
-1.0660861307365324,0.0860633698863327,0.24012952790784306
-1.0660861307365326,-0.08606336988633197,0.24012952790784306
-1.038475059939729,-0.25596111358594875,0.24012952790784306
-0.983968030576331,-0.41922959889387484,0.24012952790784306
-0.9039767460756261,-0.5716402578016228,0.24012952790784306
-0.8005729386886938,-0.7092457343011176,0.24012952790784306
-0.6764347127113363,-0.8284821188318517,0.24012952790784306
-0.534777182989557,-0.9262612516664706,0.24012952790784306
-0.3792692051338745,-1.0000507046255713,0.24012952790784306
-0.21393835408616957,-1.0479393696373294,0.24012952790784306
-0.04306661204427845,-1.0686869554326983,0.24012952790784306
0.12892053262770836,-1.0617561104377835,0.24012952790784306
0.29756870322347767,-1.0273263398973476,0.24012952790784306
0.45851000071140524,-0.9662893567832618,0.24012952790784306
0.6075761300251266,-0.8802259868969293,0.24012952790784306
0.7409063567162505,-0.7713652263113983,0.24012952790784306
0.8550474979486212,-0.6425265115439092,0.24012952790784306
0.9470433581199039,-0.49704669763107584,0.24012952790784306
1.014511292774863,-0.3386936353362122,0.24012952790784306
1.05570391784521,-0.1715685857937196,0.24012952790784306
1.0695543659791131,-2.6196526616207954e-16,0.24012952790784306
1.030134170063831,0.0,0.2481772185245135
1.0167942031137926,0.1652451416752849,0.2481772185245135
0.9771198004005218,0.3262105209804582,0.2481772185245135
0.9121385081142875,0.47872721914273836,0.2481772185245135
0.8235333075922012,0.618845133793057,0.2481772185245135
0.7135990269856151,0.742935284542524,0.2481772185245135
0.5851829064164196,0.8477838016682848,0.2481772185245135
0.44161085595347316,0.9306751636511734,0.2481772185245135
0.2866013162888389,0.9894625277566618,0.2481772185245135
0.12416895307706674,1.0226233321339988,0.2481772185245135
-0.041479320796452036,1.0292987293683806,0.2481772185245135
-0.20605330204942743,1.009315830177861,0.2481772185245135
-0.3652906110141408,0.9631921811549413,0.2481772185245135
-0.5150670850319152,0.8921223605816768,0.2481772185245135
-0.6515035920996517,0.7979470394796564,0.2481772185245135
-0.7710664983510941,0.6831053091974032,0.2481772185245135
-0.8706591873178351,0.5505715102256423,0.2481772185245135
-0.9477022606692678,0.4037781983409419,0.2481772185245135
-1.0002003432744535,0.24652724321413805,0.2481772185245135
-1.0267937623698926,0.08289136198288884,0.2481772185245135
-1.0267937623698926,-0.08289136198288813,0.2481772185245135
-1.0002003432744537,-0.24652724321413735,0.2481772185245135
-0.9477022606692678,-0.4037781983409417,0.2481772185245135
-0.8706591873178355,-0.5505715102256418,0.2481772185245135
-0.7710664983510945,-0.6831053091974028,0.2481772185245135
-0.6515035920996523,-0.797947039479656,0.2481772185245135
-0.5150670850319159,-0.8921223605816766,0.2481772185245135
-0.36529061101414123,-0.9631921811549412,0.2481772185245135
-0.20605330204942765,-1.009315830177861,0.2481772185245135
-0.041479320796452286,-1.0292987293683804,0.2481772185245135
0.12416895307706581,-1.022623332133999,0.2481772185245135
0.28660131628883817,-0.989462527756662,0.2481772185245135
0.44161085595347266,-0.9306751636511736,0.2481772185245135
0.5851829064164192,-0.847783801668285,0.2481772185245135
0.7135990269856148,-0.7429352845425241,0.2481772185245135
0.8235333075922007,-0.6188451337930577,0.2481772185245135
0.9121385081142872,-0.4787272191427391,0.2481772185245135
0.9771198004005217,-0.3262105209804588,0.2481772185245135
1.0167942031137926,-0.16524514167528534,0.2481772185245135
1.030134170063831,-2.5231010281219716e-16,0.2481772185245135
0.9899335149726463,0.0,0.24979724954289242
0.9771141359478227,0.15879650310078694,0.24979724954289242
0.9389880140563851,0.31348026018322783,0.24979724954289242
0.8765425958285917,0.4600450431905256,0.24979724954289242
0.7913951847954735,0.5946949012297287,0.24979724954289242
0.6857510541769118,0.7139424737059371,0.24979724954289242
0.5623463314636192,0.8146993111298841,0.24979724954289242
0.42437713415235245,0.8943558643374205,0.24979724954289242
0.27541679198158947,0.950849070442133,0.24979724954289242
0.11932329956828609,0.9827157850804247,0.24979724954289242
-0.039860603626191156,0.989130677081979,0.24979724954289242
-0.19801213812456175,0.9699276041135431,0.24979724954289242
-0.3510352622564953,0.9256039156780895,0.24979724954289242
-0.4949667574863229,0.8573075720239347,0.24979724954289242
-0.6260788736913272,0.7668074125773026,0.24979724954289242
-0.7409758759318231,0.6564473439303155,0.24979724954289242
-0.8366819922024001,0.5290856338914535,0.24979724954289242
-0.9107184843637595,0.3880208838506961,0.24979724954289242
-0.9611678461585009,0.23690659673619618,0.24979724954289242
-0.9867234656159715,0.07965655320753663,0.24979724954289242
-0.9867234656159716,-0.07965655320753594,0.24979724954289242
-0.9611678461585011,-0.23690659673619552,0.24979724954289242
-0.9107184843637595,-0.3880208838506959,0.24979724954289242
-0.8366819922024006,-0.5290856338914529,0.24979724954289242
-0.7409758759318236,-0.656447343930315,0.24979724954289242
-0.6260788736913278,-0.7668074125773021,0.24979724954289242
-0.49496675748632357,-0.8573075720239345,0.24979724954289242
-0.35103526225649573,-0.9256039156780894,0.24979724954289242
-0.19801213812456198,-0.9699276041135431,0.24979724954289242
-0.03986060362619139,-0.9891306770819789,0.24979724954289242
0.1193232995682852,-0.9827157850804248,0.24979724954289242
0.2754167919815888,-0.9508490704421332,0.24979724954289242
0.424377134152352,-0.8943558643374208,0.24979724954289242
0.5623463314636189,-0.8146993111298844,0.24979724954289242
0.6857510541769116,-0.7139424737059372,0.24979724954289242
0.791395184795473,-0.5946949012297293,0.24979724954289242
0.8765425958285914,-0.46004504319052625,0.24979724954289242
0.938988014056385,-0.31348026018322833,0.24979724954289242
0.9771141359478227,-0.15879650310078736,0.24979724954289242
0.9899335149726463,-2.4246378209598795e-16,0.24979724954289242
0.9499935765559889,0.0,0.24494766301056692
0.937691409243919,0.15238968642199086,0.24494766301056692
0.9011035269790609,0.3008325600122706,0.24494766301056692
0.8411775366933444,0.4414840283183038,0.24494766301056692
0.7594654900574953,0.5707012921917805,0.24494766301056692
0.6580836861580196,0.6851376923730825,0.24494766301056692
0.5396578604625029,0.781829386208189,0.24494766301056692
0.4072551796502354,0.8582721096165796,0.24494766301056692
0.26430480360632774,0.912486036215492,0.24494766301056692
0.11450907198194017,0.9430670537832793,0.24494766301056692
-0.03825238445793231,0.949223130028405,0.24494766301056692
-0.19002312423339737,0.9307948258097584,0.24494766301056692
-0.3368723649057707,0.8882594245266597,0.24494766301056692
-0.47499678827799424,0.8227185707295234,0.24494766301056692
-0.6008190443381481,0.7358697381046688,0.24494766301056692
-0.7110804027456632,0.6299622657974879,0.24494766301056692
-0.8029251522354117,0.5077391017101012,0.24494766301056692
-0.8739745620394354,0.37236576159149876,0.24494766301056692
-0.9223884897643471,0.22734834384240968,0.24494766301056692
-0.946913040112738,0.07644272340839087,0.24494766301056692
-0.9469130401127381,-0.0764427234083902,0.24494766301056692
-0.9223884897643473,-0.22734834384240904,0.24494766301056692
-0.8739745620394354,-0.37236576159149853,0.24494766301056692
-0.802925152235412,-0.5077391017101007,0.24494766301056692
-0.7110804027456636,-0.6299622657974875,0.24494766301056692
-0.6008190443381486,-0.7358697381046685,0.24494766301056692
-0.4749967882779949,-0.8227185707295231,0.24494766301056692
-0.33687236490577116,-0.8882594245266596,0.24494766301056692
-0.1900231242333976,-0.9307948258097584,0.24494766301056692
-0.03825238445793254,-0.9492231300284049,0.24494766301056692
0.11450907198193931,-0.9430670537832793,0.24494766301056692
0.26430480360632713,-0.9124860362154922,0.24494766301056692
0.40725517965023494,-0.8582721096165798,0.24494766301056692
0.5396578604625025,-0.7818293862081892,0.24494766301056692
0.6580836861580194,-0.6851376923730826,0.24494766301056692
0.7594654900574949,-0.5707012921917812,0.24494766301056692
0.841177536693344,-0.44148402831830447,0.24494766301056692
0.9011035269790608,-0.3008325600122711,0.24494766301056692
0.937691409243919,-0.15238968642199127,0.24494766301056692
0.9499935765559889,-2.3268131854796757e-16,0.24494766301056692
0.9113487782393661,0.0,0.2337540606713537
0.8995470509159073,0.14619062482553158,0.2337540606713537
0.8644475274840464,0.2885949892584831,0.2337540606713537
0.8069592671637377,0.4235248950616112,0.2337540606713537
0.7285711857000834,0.5474857285500324,0.2337540606713537
0.6313134932276282,0.657266969250026,0.2337540606713537
0.5177051128942939,0.7500253406928941,0.2337540606713537
0.3906884420749779,0.8233584497819961,0.2337540606713537
0.2535531458251141,0.8753670075120341,0.2337540606713537
0.10985095628371795,0.9047040195566382,0.2337540606713537
-0.03669631532337476,0.9106096727138763,0.2337540606713537
-0.18229317163927958,0.8929310136690726,0.2337540606713537
-0.3231687305639231,0.8521259104053155,0.2337540606713537
-0.45567438911968283,0.789251193663202,0.2337540606713537
-0.576378320351984,0.7059352855797838,0.2337540606713537
-0.6821543558447666,0.6043360244105896,0.2337540606713537
-0.7702629518403625,0.48708477765226516,0.2337540606713537
-0.8384221419838012,0.35721829100660574,0.2337540606713537
-0.8848666390527421,0.21810003826200838,0.2337540606713537
-0.9083935549692715,0.07333310908910232,0.2337540606713537
-0.9083935549692717,-0.07333310908910168,0.2337540606713537
-0.8848666390527423,-0.21810003826200777,0.2337540606713537
-0.8384221419838012,-0.35721829100660557,0.2337540606713537
-0.770262951840363,-0.48708477765226466,0.2337540606713537
-0.682154355844767,-0.6043360244105892,0.2337540606713537
-0.5763783203519846,-0.7059352855797835,0.2337540606713537
-0.45567438911968344,-0.7892511936632017,0.2337540606713537
-0.32316873056392353,-0.8521259104053154,0.2337540606713537
-0.1822931716392798,-0.8929310136690726,0.2337540606713537
-0.03669631532337498,-0.9106096727138762,0.2337540606713537
0.10985095628371713,-0.9047040195566383,0.2337540606713537
0.2535531458251135,-0.8753670075120343,0.2337540606713537
0.3906884420749775,-0.8233584497819963,0.2337540606713537
0.5177051128942936,-0.7500253406928943,0.2337540606713537
0.6313134932276281,-0.6572669692500261,0.2337540606713537
0.728571185700083,-0.5474857285500332,0.2337540606713537
0.8069592671637373,-0.4235248950616118,0.2337540606713537
0.8644475274840463,-0.2885949892584836,0.2337540606713537
0.8995470509159073,-0.14619062482553197,0.2337540606713537
0.9113487782393661,-2.2321607283553816e-16,0.2337540606713537
0.875,0.0,0.21650635094610968
0.8636689798081737,0.14035987075054018,0.21650635094610968
0.8299693867037523,0.2770844945762884,0.21650635094610968
0.7747740224465587,0.40663277553829746,0.21650635094610968
0.6995124179780635,0.5256494812082315,0.21650635094610968
0.6061338093208996,0.6310521414258377,0.21650635094610968
0.49705665338976146,0.7201108826569493,0.21650635094610968
0.37510599122767246,0.7905191302840844,0.21650635094610968
0.24344028092689615,0.8404533476774507,0.21650635094610968
0.10546959522340782,0.8686202648357972,0.21650635094610968
-0.035232697595738036,0.8742903734001235,0.21650635094610968
-0.1750224820540388,0.8573168205369842,0.21650635094610968
-0.3102792761622185,0.818139212349738,0.21650635094610968
-0.4374999999999998,0.7577722283113839,0.21650635094610968
-0.553389703645955,0.6777793415991977,0.21650635094610968
-0.6549469046497133,0.580232325960696,0.21650635094610968
-0.7395413248508202,0.4676575978618261,0.21650635094610968
-0.8049820132014712,0.3429707836275657,0.21650635094610968
-0.8495740902477954,0.20940120625161335,0.21650635094610968
-0.8721626446174336,0.07040824762713532,0.21650635094610968
-0.8721626446174338,-0.07040824762713471,0.21650635094610968
-0.8495740902477956,-0.20940120625161276,0.21650635094610968
-0.8049820132014712,-0.34297078362756556,0.21650635094610968
-0.7395413248508207,-0.4676575978618256,0.21650635094610968
-0.6549469046497136,-0.5802323259606956,0.21650635094610968
-0.5533897036459555,-0.6777793415991974,0.21650635094610968
-0.4375000000000004,-0.7577722283113837,0.21650635094610968
-0.3102792761622189,-0.8181392123497379,0.21650635094610968
-0.175022482054039,-0.8573168205369842,0.21650635094610968
-0.03523269759573825,-0.8742903734001234,0.21650635094610968
0.10546959522340704,-0.8686202648357974,0.21650635094610968
0.24344028092689557,-0.840453347677451,0.21650635094610968
0.3751059912276721,-0.7905191302840846,0.21650635094610968
0.4970566533897611,-0.7201108826569496,0.21650635094610968
0.6061338093208993,-0.6310521414258378,0.21650635094610968
0.6995124179780631,-0.5256494812082322,0.21650635094610968
0.7747740224465584,-0.406632775538298,0.21650635094610968
0.8299693867037522,-0.2770844945762889,0.21650635094610968
0.8636689798081737,-0.14035987075054054,0.21650635094610968
0.875,-2.143131898507868e-16,0.21650635094610968
0.8418886561011557,0.0,0.19365124045691365
0.8309864191165253,0.1350484376648048,0.19365124045691365
0.7985620703738542,0.26659919173177077,0.19365124045691365
0.7454553834738513,0.39124516677099447,0.19365124045691365
0.6730417937115678,0.5057580975024774,0.19365124045691365
0.5831967750247387,0.6071721591711484,0.19365124045691365
0.47824726620393626,0.6928607808501441,0.19365124045691365
0.3609114044001795,0.7606046722481398,0.19365124045691365
0.23422812680049418,0.8086493021621558,0.19365124045691365
0.10147846375104878,0.8357503399141021,0.19365124045691365
-0.03389943820536493,0.8412058828617229,0.19365124045691365
-0.16839936251881527,0.8248746353083398,0.19365124045691365
-0.2985378317991423,0.7871795679871759,0.19365124045691365
-0.4209443280505777,0.7290969633415418,0.19365124045691365
-0.5324485873173828,0.6521311303223711,0.19365124045691365
-0.6301627078550387,0.5582754435765692,0.19365124045691365
-0.7115559452684861,0.4499607160907285,0.19365124045691365
-0.7745202574626164,0.32999224241162467,0.19365124045691365
-0.8174249018252325,0.20147714299100764,0.19365124045691365
-0.8391586706041155,0.06774389139799582,0.19365124045691365
-0.8391586706041156,-0.06774389139799523,0.19365124045691365
-0.8174249018252328,-0.20147714299100708,0.19365124045691365
-0.7745202574626164,-0.3299922424116245,0.19365124045691365
-0.7115559452684864,-0.4499607160907281,0.19365124045691365
-0.630162707855039,-0.5582754435765689,0.19365124045691365
-0.5324485873173832,-0.6521311303223708,0.19365124045691365
-0.42094432805057824,-0.7290969633415416,0.19365124045691365
-0.29853783179914267,-0.7871795679871758,0.19365124045691365
-0.16839936251881546,-0.8248746353083398,0.19365124045691365
-0.03389943820536514,-0.8412058828617228,0.19365124045691365
0.10147846375104802,-0.8357503399141021,0.19365124045691365
0.23422812680049362,-0.808649302162156,0.19365124045691365
0.3609114044001791,-0.7606046722481399,0.19365124045691365
0.478247266203936,-0.6928607808501442,0.19365124045691365
0.5831967750247384,-0.6071721591711485,0.19365124045691365
0.6730417937115674,-0.505758097502478,0.19365124045691365
0.7454553834738511,-0.391245166770995,0.19365124045691365
0.7985620703738541,-0.2665991917317712,0.19365124045691365
0.8309864191165253,-0.13504843766480515,0.19365124045691365
0.8418886561011557,-2.0620324958654943e-16,0.19365124045691365
0.8128723129572248,0.0,0.16578066456019885
0.8023458299955165,0.13039388889527856,0.16578066456019885
0.7710390114897926,0.25741064456092705,0.16578066456019885
0.7197626875946366,0.3777605997440364,0.16578066456019885
0.6498448881647194,0.4883267538222862,0.16578066456019885
0.5630964474791464,0.5862455014827777,0.16578066456019885
0.46176410458481487,0.668980798595455,0.16578066456019885
0.34847231393525785,0.7343898444239514,0.16578066456019885
0.22615527339886018,0.7807785790390994,0.16578066456019885
0.09798093007533004,0.8069455585812476,0.16578066456019885
-0.03273106787013718,0.8122130720251362,0.16578066456019885
-0.16259534835060674,0.7964446935394656,0.16578066456019885
-0.28824849471620123,0.760048815844267,0.16578066456019885
-0.40643615647861225,0.7039680730539712,0.16578066456019885
-0.514097335279315,0.6296549269489884,0.16578066456019885
-0.6084436631391856,0.5390340489785387,0.16578066456019885
-0.687031619724499,0.4344524722810998,0.16578066456019885
-0.7478258182400493,0.3186188047589614,0.16578066456019885
-0.7892517208780063,0.19453307755632207,0.16578066456019885
-0.8102364185200724,0.0654090458284966,0.16578066456019885
-0.8102364185200726,-0.06540904582849603,0.16578066456019885
-0.7892517208780065,-0.19453307755632154,0.16578066456019885
-0.7478258182400493,-0.31861880475896126,0.16578066456019885
-0.6870316197244994,-0.43445247228109934,0.16578066456019885
-0.608443663139186,-0.5390340489785383,0.16578066456019885
-0.5140973352793154,-0.6296549269489881,0.16578066456019885
-0.4064361564786128,-0.7039680730539711,0.16578066456019885
-0.2882484947162016,-0.760048815844267,0.16578066456019885
-0.16259534835060693,-0.7964446935394656,0.16578066456019885
-0.03273106787013738,-0.812213072025136,0.16578066456019885
0.09798093007532932,-0.8069455585812477,0.16578066456019885
0.22615527339885966,-0.7807785790390996,0.16578066456019885
0.34847231393525746,-0.7343898444239516,0.16578066456019885
0.4617641045848146,-0.6689807985954551,0.16578066456019885
0.5630964474791462,-0.5862455014827777,0.16578066456019885
0.649844888164719,-0.4883267538222868,0.16578066456019885
0.7197626875946362,-0.377760599744037,0.16578066456019885
0.7710390114897925,-0.25741064456092755,0.16578066456019885
0.8023458299955165,-0.1303938888952789,0.16578066456019885
0.8128723129572248,-1.990962952357142e-16,0.16578066456019885
0.7887024786140513,0.0,0.1336164565319503
0.7784889886591722,0.1265167748101702,0.1336164565319503
0.7481130428194668,0.24975683160896037,0.1336164565319503
0.6983613621364336,0.3665283176603044,0.1336164565319503
0.630522489006408,0.47380691281271126,0.1336164565319503
0.5463534146093374,0.5688141578025863,0.1336164565319503
0.448034073760126,0.6490894148897007,0.1336164565319503
0.33811088574199527,0.7125535970821504,0.1336164565319503
0.21943080338462165,0.7575630153973513,0.1336164565319503
0.0950675784812828,0.7829519495432994,0.1336164565319503
-0.03175784676802047,0.7880628394618078,0.1336164565319503
-0.15776076046766138,0.772763315788614,0.1336164565319503
-0.2796777533391034,0.737449628150384,0.1336164565319503
-0.3943512393070255,0.6830363825075214,0.1336164565319503
-0.4988112353200686,0.6109328533402137,0.1336164565319503
-0.5903522823518053,0.5230064841796538,0.1336164565319503
-0.6666035153684129,0.4215345218015034,0.1336164565319503
-0.7255900674876906,0.30914503673058813,0.1336164565319503
-0.7657842179939588,0.18874885759476528,0.1336164565319503
-0.786144959502121,0.06346418219244974,0.1336164565319503
-0.7861449595021212,-0.06346418219244919,0.1336164565319503
-0.765784217993959,-0.18874885759476476,0.1336164565319503
-0.7255900674876906,-0.3091450367305879,0.1336164565319503
-0.6666035153684132,-0.42153452180150297,0.1336164565319503
-0.5903522823518056,-0.5230064841796535,0.1336164565319503
-0.49881123532006905,-0.6109328533402134,0.1336164565319503
-0.394351239307026,-0.6830363825075212,0.1336164565319503
-0.2796777533391037,-0.737449628150384,0.1336164565319503
-0.15776076046766158,-0.772763315788614,0.1336164565319503
-0.03175784676802067,-0.7880628394618077,0.1336164565319503
0.0950675784812821,-0.7829519495432994,0.1336164565319503
0.21943080338462112,-0.7575630153973515,0.1336164565319503
0.3381108857419949,-0.7125535970821505,0.1336164565319503
0.4480340737601257,-0.649089414889701,0.1336164565319503
0.5463534146093372,-0.5688141578025864,0.1336164565319503
0.6305224890064075,-0.47380691281271187,0.1336164565319503
0.6983613621364334,-0.3665283176603049,0.1336164565319503
0.7481130428194668,-0.2497568316089608,0.1336164565319503
0.7784889886591722,-0.12651677481017054,0.1336164565319503
0.7887024786140513,-1.9317639318285634e-16,0.1336164565319503
0.770005139085294,0.0,0.09799165246501879
0.7600337747666821,0.12351751062772981,0.09799165246501879
0.7303779349089816,0.24383598261096384,0.09799165246501879
0.6818056901870115,0.357839230725721,0.09799165246501879
0.6155750362252447,0.4625746307289793,0.09799165246501879
0.5334013121719295,0.5553295907756283,0.09799165246501879
0.43741277431617603,0.6337018061223978,0.09799165246501879
0.3300954753679897,0.6956614775588367,0.09799165246501879
0.21422887699894597,0.7396038821406588,0.09799165246501879
0.09281386324487978,0.7643909346710777,0.09799165246501879
-0.031004980814350137,0.7693806635095951,0.09799165246501879
-0.15402081215665545,0.7544438373002772,0.09799165246501879
-0.2730475853675125,0.7199673119959918,0.09799165246501879
-0.38500256954264683,0.6668440114924347,0.09799165246501879
-0.4869861893991694,0.596449801368262,0.09799165246501879
-0.576357122752326,0.5106078546893136,0.09799165246501879
-0.6508007093726611,0.4115414327838742,0.09799165246501879
-0.7083888994701243,0.30181630394209835,0.09799165246501879
-0.7476301891708752,0.1842742913650307,0.09799165246501879
-0.7675082496841655,0.06195967143643903,0.09799165246501879
-0.7675082496841656,-0.0619596714364385,0.09799165246501879
-0.7476301891708754,-0.18427429136503018,0.09799165246501879
-0.7083888994701243,-0.3018163039420982,0.09799165246501879
-0.6508007093726614,-0.41154143278387373,0.09799165246501879
-0.5763571227523263,-0.5106078546893132,0.09799165246501879
-0.4869861893991698,-0.5964498013682616,0.09799165246501879
-0.38500256954264733,-0.6668440114924344,0.09799165246501879
-0.27304758536751284,-0.7199673119959917,0.09799165246501879
-0.1540208121566556,-0.7544438373002772,0.09799165246501879
-0.031004980814350325,-0.769380663509595,0.09799165246501879
0.09281386324487907,-0.7643909346710778,0.09799165246501879
0.21422887699894544,-0.7396038821406589,0.09799165246501879
0.3300954753679894,-0.6956614775588369,0.09799165246501879
0.43741277431617576,-0.633701806122398,0.09799165246501879
0.5334013121719293,-0.5553295907756284,0.09799165246501879
0.6155750362252442,-0.4625746307289799,0.09799165246501879
0.6818056901870113,-0.3578392307257215,0.09799165246501879
0.7303779349089816,-0.24383598261096426,0.09799165246501879
0.7600337747666821,-0.12351751062773013,0.09799165246501879
0.770005139085294,-1.8859686578156357e-16,0.09799165246501879
0.757264545643487,0.0,0.059828916071889525
0.7474581686637836,0.12147377571484157,0.059828916071889525
0.718293017737395,0.23980144444590662,0.059828916071889525
0.6705244549535657,0.3519183817277244,0.059828916071889525
0.605389660996726,0.45492081777701265,0.059828916071889525
0.5245755928166251,0.5461410436047845,0.059828916071889525
0.4301752923294513,0.6232165032778801,0.059828916071889525
0.3246336777316265,0.684150982876642,0.059828916071889525
0.21068422140277582,0.7273663113868712,0.059828916071889525
0.09127815440692161,0.7517432345001204,0.059828916071889525
-0.030491968841863934,0.7566504027123647,0.059828916071889525
-0.15147236611433948,0.7419607229445236,0.059828916071889525
-0.26852970866922565,0.7080546501864511,0.059828916071889525
-0.37863227282174333,0.6558103339125403,0.059828916071889525
-0.4789284599945578,0.5865808744716094,0.059828916071889525
-0.5668206516230552,0.5021592784986173,0.059828916071889525
-0.6400324861117015,0.40473202098464034,0.059828916071889525
-0.6966678154036474,0.2968224167231077,0.059828916071889525
-0.7352598142194007,0.18122526778208695,0.059828916071889525
-0.7548089700610776,0.060934479598762005,0.059828916071889525
-0.7548089700610777,-0.06093447959876148,0.059828916071889525
-0.7352598142194009,-0.18122526778208645,0.059828916071889525
-0.6966678154036474,-0.29682241672310755,0.059828916071889525
-0.6400324861117018,-0.4047320209846399,0.059828916071889525
-0.5668206516230555,-0.5021592784986169,0.059828916071889525
-0.4789284599945582,-0.5865808744716091,0.059828916071889525
-0.37863227282174383,-0.6558103339125402,0.059828916071889525
-0.268529708669226,-0.708054650186451,0.059828916071889525
-0.15147236611433965,-0.7419607229445236,0.059828916071889525
-0.030491968841864118,-0.7566504027123646,0.059828916071889525
0.09127815440692093,-0.7517432345001205,0.059828916071889525
0.21068422140277532,-0.7273663113868714,0.059828916071889525
0.32463367773162616,-0.6841509828766421,0.059828916071889525
0.43017529232945106,-0.6232165032778803,0.059828916071889525
0.5245755928166249,-0.5461410436047845,0.059828916071889525
0.6053896609967255,-0.4549208177770132,0.059828916071889525
0.6705244549535655,-0.3519183817277249,0.059828916071889525
0.7182930177373948,-0.23980144444590704,0.059828916071889525
0.7474581686637836,-0.12147377571484189,0.059828916071889525
0.757264545643487,-1.8547632038601422e-16,0.059828916071889525
0.7508106729664475,0.0,0.02011664217918152
0.7410878719428802,0.12043850173222477,0.02011664217918152
0.712171284311536,0.2377577095330184,0.02011664217918152
0.6648098345028826,0.34891911754528404,0.02011664217918152
0.6002301591891392,0.45104370369190433,0.02011664217918152
0.5201048380387897,0.5414864948352582,0.02011664217918152
0.4265090747817338,0.6179050701921447,0.02011664217918152
0.3218669505227373,0.6783202288016505,0.02011664217918152
0.20888864131413024,0.721167249790412,0.02011664217918152
0.09050022601964074,0.7453364178213243,0.02011664217918152
-0.030232097591176475,0.7502017641378668,0.02011664217918152
-0.1501814257545724,0.7356372788260894,0.02011664217918152
-0.2662411338775972,0.7020201744051956,0.02011664217918152
-0.3754053364832236,0.6502211162214339,0.02011664217918152
-0.4748467380652828,0.5815816726729708,0.02011664217918152
-0.5619898585569634,0.4978795692930712,0.02011664217918152
-0.6345777369117058,0.4012826465925828,0.02011664217918152
-0.6907303852087798,0.29429271412942,0.02011664217918152
-0.7289934793529197,0.17968075495515393,0.02011664217918152
-0.7483760253044709,0.060415158609506005,0.02011664217918152
-0.748376025304471,-0.060415158609505484,0.02011664217918152
-0.7289934793529198,-0.17968075495515343,0.02011664217918152
-0.6907303852087798,-0.2942927141294198,0.02011664217918152
-0.6345777369117062,-0.4012826465925824,0.02011664217918152
-0.5619898585569637,-0.49787956929307087,0.02011664217918152
-0.4748467380652832,-0.5815816726729705,0.02011664217918152
-0.3754053364832241,-0.6502211162214337,0.02011664217918152
-0.2662411338775975,-0.7020201744051955,0.02011664217918152
-0.15018142575457258,-0.7356372788260894,0.02011664217918152
-0.030232097591176656,-0.7502017641378667,0.02011664217918152
0.09050022601964007,-0.7453364178213244,0.02011664217918152
0.20888864131412974,-0.7211672497904121,0.02011664217918152
0.32186695052273695,-0.6783202288016508,0.02011664217918152
0.4265090747817335,-0.6179050701921449,0.02011664217918152
0.5201048380387895,-0.5414864948352583,0.02011664217918152
0.6002301591891388,-0.45104370369190494,0.02011664217918152
0.6648098345028823,-0.34891911754528454,0.02011664217918152
0.7121712843115359,-0.2377577095330188,0.02011664217918152
0.7410878719428802,-0.12043850173222509,0.02011664217918152
0.7508106729664475,-1.8389557748280603e-16,0.02011664217918152
0.7508106729664474,0.0,-0.020116642179181347
0.7410878719428801,0.12043850173222476,-0.020116642179181347
0.7121712843115359,0.23775770953301836,-0.020116642179181347
0.6648098345028824,0.348919117545284,-0.020116642179181347
0.6002301591891391,0.4510437036919043,-0.020116642179181347
0.5201048380387896,0.5414864948352582,-0.020116642179181347
0.4265090747817337,0.6179050701921447,-0.020116642179181347
0.3218669505227372,0.6783202288016504,-0.020116642179181347
0.20888864131413018,0.7211672497904119,-0.020116642179181347
0.09050022601964074,0.7453364178213242,-0.020116642179181347
-0.03023209759117647,0.7502017641378667,-0.020116642179181347
-0.15018142575457238,0.7356372788260893,-0.020116642179181347
-0.2662411338775971,0.7020201744051955,-0.020116642179181347
-0.37540533648322355,0.6502211162214337,-0.020116642179181347
-0.47484673806528277,0.5815816726729707,-0.020116642179181347
-0.5619898585569633,0.49787956929307114,-0.020116642179181347
-0.6345777369117057,0.4012826465925827,-0.020116642179181347
-0.6907303852087797,0.29429271412942,-0.020116642179181347
-0.7289934793529196,0.1796807549551539,-0.020116642179181347
-0.7483760253044708,0.060415158609506,-0.020116642179181347
-0.7483760253044709,-0.06041515860950548,-0.020116642179181347
-0.7289934793529197,-0.1796807549551534,-0.020116642179181347
-0.6907303852087797,-0.2942927141294198,-0.020116642179181347
-0.634577736911706,-0.40128264659258234,-0.020116642179181347
-0.5619898585569636,-0.4978795692930708,-0.020116642179181347
-0.47484673806528316,-0.5815816726729703,-0.020116642179181347
-0.37540533648322405,-0.6502211162214336,-0.020116642179181347
-0.26624113387759746,-0.7020201744051954,-0.020116642179181347
-0.15018142575457255,-0.7356372788260893,-0.020116642179181347
-0.030232097591176652,-0.7502017641378665,-0.020116642179181347
0.09050022601964006,-0.7453364178213243,-0.020116642179181347
0.20888864131412968,-0.721167249790412,-0.020116642179181347
0.3218669505227369,-0.6783202288016507,-0.020116642179181347
0.42650907478173344,-0.6179050701921448,-0.020116642179181347
0.5201048380387895,-0.5414864948352582,-0.020116642179181347
0.6002301591891387,-0.45104370369190483,-0.020116642179181347
0.6648098345028822,-0.3489191175452845,-0.020116642179181347
0.7121712843115359,-0.23775770953301878,-0.020116642179181347
0.7410878719428801,-0.12043850173222506,-0.020116642179181347
0.7508106729664474,-1.83895577482806e-16,-0.020116642179181347
0.757264545643487,0.0,-0.05982891607188936
0.7474581686637836,0.12147377571484157,-0.05982891607188936
0.718293017737395,0.23980144444590662,-0.05982891607188936
0.6705244549535657,0.3519183817277244,-0.05982891607188936
0.605389660996726,0.45492081777701265,-0.05982891607188936
0.5245755928166251,0.5461410436047845,-0.05982891607188936
0.4301752923294513,0.6232165032778801,-0.05982891607188936
0.3246336777316265,0.684150982876642,-0.05982891607188936
0.21068422140277582,0.7273663113868712,-0.05982891607188936
0.09127815440692161,0.7517432345001204,-0.05982891607188936
-0.030491968841863934,0.7566504027123647,-0.05982891607188936
-0.15147236611433948,0.7419607229445236,-0.05982891607188936
-0.26852970866922565,0.7080546501864511,-0.05982891607188936
-0.37863227282174333,0.6558103339125403,-0.05982891607188936
-0.4789284599945578,0.5865808744716094,-0.05982891607188936
-0.5668206516230552,0.5021592784986173,-0.05982891607188936
-0.6400324861117015,0.40473202098464034,-0.05982891607188936
-0.6966678154036474,0.2968224167231077,-0.05982891607188936
-0.7352598142194007,0.18122526778208695,-0.05982891607188936
-0.7548089700610776,0.060934479598762005,-0.05982891607188936
-0.7548089700610777,-0.06093447959876148,-0.05982891607188936
-0.7352598142194009,-0.18122526778208645,-0.05982891607188936
-0.6966678154036474,-0.29682241672310755,-0.05982891607188936
-0.6400324861117018,-0.4047320209846399,-0.05982891607188936
-0.5668206516230555,-0.5021592784986169,-0.05982891607188936
-0.4789284599945582,-0.5865808744716091,-0.05982891607188936
-0.37863227282174383,-0.6558103339125402,-0.05982891607188936
-0.268529708669226,-0.708054650186451,-0.05982891607188936
-0.15147236611433965,-0.7419607229445236,-0.05982891607188936
-0.030491968841864118,-0.7566504027123646,-0.05982891607188936
0.09127815440692093,-0.7517432345001205,-0.05982891607188936
0.21068422140277532,-0.7273663113868714,-0.05982891607188936
0.32463367773162616,-0.6841509828766421,-0.05982891607188936
0.43017529232945106,-0.6232165032778803,-0.05982891607188936
0.5245755928166249,-0.5461410436047845,-0.05982891607188936
0.6053896609967255,-0.4549208177770132,-0.05982891607188936
0.6705244549535655,-0.3519183817277249,-0.05982891607188936
0.7182930177373948,-0.23980144444590704,-0.05982891607188936
0.7474581686637836,-0.12147377571484189,-0.05982891607188936
0.757264545643487,-1.8547632038601422e-16,-0.05982891607188936
0.770005139085294,0.0,-0.09799165246501873
0.7600337747666821,0.12351751062772981,-0.09799165246501873
0.7303779349089816,0.24383598261096384,-0.09799165246501873
0.6818056901870115,0.357839230725721,-0.09799165246501873
0.6155750362252447,0.4625746307289793,-0.09799165246501873
0.5334013121719295,0.5553295907756283,-0.09799165246501873
0.43741277431617603,0.6337018061223978,-0.09799165246501873
0.3300954753679897,0.6956614775588367,-0.09799165246501873
0.21422887699894597,0.7396038821406588,-0.09799165246501873
0.09281386324487978,0.7643909346710777,-0.09799165246501873
-0.031004980814350137,0.7693806635095951,-0.09799165246501873
-0.15402081215665545,0.7544438373002772,-0.09799165246501873
-0.2730475853675125,0.7199673119959918,-0.09799165246501873
-0.38500256954264683,0.6668440114924347,-0.09799165246501873
-0.4869861893991694,0.596449801368262,-0.09799165246501873
-0.576357122752326,0.5106078546893136,-0.09799165246501873
-0.6508007093726611,0.4115414327838742,-0.09799165246501873
-0.7083888994701243,0.30181630394209835,-0.09799165246501873
-0.7476301891708752,0.1842742913650307,-0.09799165246501873
-0.7675082496841655,0.06195967143643903,-0.09799165246501873
-0.7675082496841656,-0.0619596714364385,-0.09799165246501873
-0.7476301891708754,-0.18427429136503018,-0.09799165246501873
-0.7083888994701243,-0.3018163039420982,-0.09799165246501873
-0.6508007093726614,-0.41154143278387373,-0.09799165246501873
-0.5763571227523263,-0.5106078546893132,-0.09799165246501873
-0.4869861893991698,-0.5964498013682616,-0.09799165246501873
-0.38500256954264733,-0.6668440114924344,-0.09799165246501873
-0.27304758536751284,-0.7199673119959917,-0.09799165246501873
-0.1540208121566556,-0.7544438373002772,-0.09799165246501873
-0.031004980814350325,-0.769380663509595,-0.09799165246501873
0.09281386324487907,-0.7643909346710778,-0.09799165246501873
0.21422887699894544,-0.7396038821406589,-0.09799165246501873
0.3300954753679894,-0.6956614775588369,-0.09799165246501873
0.43741277431617576,-0.633701806122398,-0.09799165246501873
0.5334013121719293,-0.5553295907756284,-0.09799165246501873
0.6155750362252442,-0.4625746307289799,-0.09799165246501873
0.6818056901870113,-0.3578392307257215,-0.09799165246501873
0.7303779349089816,-0.24383598261096426,-0.09799165246501873
0.7600337747666821,-0.12351751062773013,-0.09799165246501873
0.770005139085294,-1.8859686578156357e-16,-0.09799165246501873
0.7887024786140513,0.0,-0.13361645653195017
0.7784889886591722,0.1265167748101702,-0.13361645653195017
0.7481130428194668,0.24975683160896037,-0.13361645653195017
0.6983613621364336,0.3665283176603044,-0.13361645653195017
0.630522489006408,0.47380691281271126,-0.13361645653195017
0.5463534146093374,0.5688141578025863,-0.13361645653195017
0.448034073760126,0.6490894148897007,-0.13361645653195017
0.33811088574199527,0.7125535970821504,-0.13361645653195017
0.21943080338462165,0.7575630153973513,-0.13361645653195017
0.0950675784812828,0.7829519495432994,-0.13361645653195017
-0.03175784676802047,0.7880628394618078,-0.13361645653195017
-0.15776076046766138,0.772763315788614,-0.13361645653195017
-0.2796777533391034,0.737449628150384,-0.13361645653195017
-0.3943512393070255,0.6830363825075214,-0.13361645653195017
-0.4988112353200686,0.6109328533402137,-0.13361645653195017
-0.5903522823518053,0.5230064841796538,-0.13361645653195017
-0.6666035153684129,0.4215345218015034,-0.13361645653195017
-0.7255900674876906,0.30914503673058813,-0.13361645653195017
-0.7657842179939588,0.18874885759476528,-0.13361645653195017
-0.786144959502121,0.06346418219244974,-0.13361645653195017
-0.7861449595021212,-0.06346418219244919,-0.13361645653195017
-0.765784217993959,-0.18874885759476476,-0.13361645653195017
-0.7255900674876906,-0.3091450367305879,-0.13361645653195017
-0.6666035153684132,-0.42153452180150297,-0.13361645653195017
-0.5903522823518056,-0.5230064841796535,-0.13361645653195017
-0.49881123532006905,-0.6109328533402134,-0.13361645653195017
-0.394351239307026,-0.6830363825075212,-0.13361645653195017
-0.2796777533391037,-0.737449628150384,-0.13361645653195017
-0.15776076046766158,-0.772763315788614,-0.13361645653195017
-0.03175784676802067,-0.7880628394618077,-0.13361645653195017
0.0950675784812821,-0.7829519495432994,-0.13361645653195017
0.21943080338462112,-0.7575630153973515,-0.13361645653195017
0.3381108857419949,-0.7125535970821505,-0.13361645653195017
0.4480340737601257,-0.649089414889701,-0.13361645653195017
0.5463534146093372,-0.5688141578025864,-0.13361645653195017
0.6305224890064075,-0.47380691281271187,-0.13361645653195017
0.6983613621364334,-0.3665283176603049,-0.13361645653195017
0.7481130428194668,-0.2497568316089608,-0.13361645653195017
0.7784889886591722,-0.12651677481017054,-0.13361645653195017
0.7887024786140513,-1.9317639318285634e-16,-0.13361645653195017
0.8128723129572246,0.0,-0.16578066456019874
0.8023458299955163,0.1303938888952785,-0.16578066456019874
0.7710390114897924,0.257410644560927,-0.16578066456019874
0.7197626875946364,0.3777605997440363,-0.16578066456019874
0.6498448881647193,0.4883267538222861,-0.16578066456019874
0.5630964474791462,0.5862455014827774,-0.16578066456019874
0.4617641045848147,0.6689807985954548,-0.16578066456019874
0.34847231393525774,0.7343898444239512,-0.16578066456019874
0.22615527339886013,0.7807785790390992,-0.16578066456019874
0.09798093007533001,0.8069455585812474,-0.16578066456019874
-0.03273106787013717,0.8122130720251359,-0.16578066456019874
-0.16259534835060668,0.7964446935394653,-0.16578066456019874
-0.2882484947162012,0.7600488158442668,-0.16578066456019874
-0.40643615647861214,0.7039680730539711,-0.16578066456019874
-0.5140973352793149,0.6296549269489883,-0.16578066456019874
-0.6084436631391854,0.5390340489785386,-0.16578066456019874
-0.6870316197244989,0.4344524722810997,-0.16578066456019874
-0.7478258182400491,0.31861880475896137,-0.16578066456019874
-0.7892517208780061,0.19453307755632204,-0.16578066456019874
-0.8102364185200722,0.06540904582849659,-0.16578066456019874
-0.8102364185200723,-0.06540904582849602,-0.16578066456019874
-0.7892517208780063,-0.1945330775563215,-0.16578066456019874
-0.7478258182400491,-0.3186188047589612,-0.16578066456019874
-0.6870316197244992,-0.4344524722810992,-0.16578066456019874
-0.6084436631391859,-0.5390340489785382,-0.16578066456019874
-0.5140973352793153,-0.629654926948988,-0.16578066456019874
-0.4064361564786127,-0.7039680730539709,-0.16578066456019874
-0.2882484947162015,-0.7600488158442668,-0.16578066456019874
-0.16259534835060688,-0.7964446935394653,-0.16578066456019874
-0.03273106787013737,-0.8122130720251358,-0.16578066456019874
0.09798093007532929,-0.8069455585812475,-0.16578066456019874
0.22615527339885957,-0.7807785790390994,-0.16578066456019874
0.34847231393525735,-0.7343898444239514,-0.16578066456019874
0.4617641045848144,-0.668980798595455,-0.16578066456019874
0.5630964474791461,-0.5862455014827775,-0.16578066456019874
0.6498448881647189,-0.4883267538222867,-0.16578066456019874
0.7197626875946361,-0.37776059974403686,-0.16578066456019874
0.7710390114897923,-0.25741064456092744,-0.16578066456019874
0.8023458299955163,-0.13039388889527886,-0.16578066456019874
0.8128723129572246,-1.9909629523571415e-16,-0.16578066456019874
0.8418886561011556,0.0,-0.19365124045691354
0.8309864191165252,0.13504843766480476,-0.19365124045691354
0.7985620703738541,0.2665991917317707,-0.19365124045691354
0.7454553834738512,0.3912451667709944,-0.19365124045691354
0.6730417937115677,0.5057580975024774,-0.19365124045691354
0.5831967750247385,0.6071721591711484,-0.19365124045691354
0.4782472662039362,0.692860780850144,-0.19365124045691354
0.36091140440017944,0.7606046722481397,-0.19365124045691354
0.23422812680049415,0.8086493021621557,-0.19365124045691354
0.10147846375104877,0.835750339914102,-0.19365124045691354
-0.03389943820536493,0.8412058828617228,-0.19365124045691354
-0.16839936251881527,0.8248746353083397,-0.19365124045691354
-0.2985378317991423,0.7871795679871758,-0.19365124045691354
-0.42094432805057763,0.7290969633415417,-0.19365124045691354
-0.5324485873173826,0.652131130322371,-0.19365124045691354
-0.6301627078550386,0.5582754435765691,-0.19365124045691354
-0.711555945268486,0.44996071609072846,-0.19365124045691354
-0.7745202574626163,0.3299922424116246,-0.19365124045691354
-0.8174249018252324,0.2014771429910076,-0.19365124045691354
-0.8391586706041154,0.06774389139799582,-0.19365124045691354
-0.8391586706041155,-0.06774389139799522,-0.19365124045691354
-0.8174249018252326,-0.20147714299100705,-0.19365124045691354
-0.7745202574626163,-0.32999224241162445,-0.19365124045691354
-0.7115559452684863,-0.449960716090728,-0.19365124045691354
-0.630162707855039,-0.5582754435765688,-0.19365124045691354
-0.5324485873173831,-0.6521311303223707,-0.19365124045691354
-0.4209443280505782,-0.7290969633415415,-0.19365124045691354
-0.2985378317991426,-0.7871795679871758,-0.19365124045691354
-0.16839936251881543,-0.8248746353083397,-0.19365124045691354
-0.03389943820536513,-0.8412058828617227,-0.19365124045691354
0.101478463751048,-0.835750339914102,-0.19365124045691354
0.2342281268004936,-0.8086493021621559,-0.19365124045691354
0.3609114044001791,-0.7606046722481398,-0.19365124045691354
0.47824726620393593,-0.6928607808501442,-0.19365124045691354
0.5831967750247383,-0.6071721591711484,-0.19365124045691354
0.6730417937115672,-0.5057580975024779,-0.19365124045691354
0.745455383473851,-0.39124516677099497,-0.19365124045691354
0.798562070373854,-0.2665991917317712,-0.19365124045691354
0.8309864191165252,-0.13504843766480512,-0.19365124045691354
0.8418886561011556,-2.062032495865494e-16,-0.19365124045691354
0.8749999999999999,0.0,-0.21650635094610962
0.8636689798081736,0.14035987075054016,-0.21650635094610962
0.8299693867037522,0.27708449457628836,-0.21650635094610962
0.7747740224465586,0.4066327755382974,-0.21650635094610962
0.6995124179780634,0.5256494812082314,-0.21650635094610962
0.6061338093208994,0.6310521414258375,-0.21650635094610962
0.49705665338976135,0.7201108826569492,-0.21650635094610962
0.3751059912276724,0.7905191302840844,-0.21650635094610962
0.24344028092689612,0.8404533476774506,-0.21650635094610962
0.1054695952234078,0.8686202648357971,-0.21650635094610962
-0.035232697595738036,0.8742903734001234,-0.21650635094610962
-0.17502248205403878,0.8573168205369841,-0.21650635094610962
-0.3102792761622185,0.8181392123497379,-0.21650635094610962
-0.4374999999999998,0.7577722283113838,-0.21650635094610962
-0.553389703645955,0.6777793415991977,-0.21650635094610962
-0.6549469046497132,0.580232325960696,-0.21650635094610962
-0.7395413248508201,0.46765759786182604,-0.21650635094610962
-0.8049820132014711,0.3429707836275657,-0.21650635094610962
-0.8495740902477953,0.20940120625161332,-0.21650635094610962
-0.8721626446174335,0.07040824762713531,-0.21650635094610962
-0.8721626446174336,-0.07040824762713471,-0.21650635094610962
-0.8495740902477955,-0.20940120625161274,-0.21650635094610962
-0.8049820132014711,-0.3429707836275655,-0.21650635094610962
-0.7395413248508206,-0.46765759786182554,-0.21650635094610962
-0.6549469046497136,-0.5802323259606955,-0.21650635094610962
-0.5533897036459554,-0.6777793415991973,-0.21650635094610962
-0.43750000000000033,-0.7577722283113836,-0.21650635094610962
-0.3102792761622189,-0.8181392123497377,-0.21650635094610962
-0.17502248205403897,-0.8573168205369841,-0.21650635094610962
-0.035232697595738244,-0.8742903734001233,-0.21650635094610962
0.10546959522340703,-0.8686202648357972,-0.21650635094610962
0.24344028092689554,-0.8404533476774508,-0.21650635094610962
0.375105991227672,-0.7905191302840845,-0.21650635094610962
0.49705665338976107,-0.7201108826569494,-0.21650635094610962
0.6061338093208993,-0.6310521414258377,-0.21650635094610962
0.699512417978063,-0.5256494812082321,-0.21650635094610962
0.7747740224465582,-0.40663277553829796,-0.21650635094610962
0.8299693867037521,-0.27708449457628886,-0.21650635094610962
0.8636689798081736,-0.14035987075054054,-0.21650635094610962
0.8749999999999999,-2.1431318985078678e-16,-0.21650635094610962
0.911348778239366,0.0,-0.23375406067135368
0.8995470509159073,0.14619062482553158,-0.23375406067135368
0.8644475274840463,0.2885949892584831,-0.23375406067135368
0.8069592671637376,0.4235248950616111,-0.23375406067135368
0.7285711857000833,0.5474857285500324,-0.23375406067135368
0.6313134932276282,0.657266969250026,-0.23375406067135368
0.5177051128942939,0.750025340692894,-0.23375406067135368
0.3906884420749779,0.823358449781996,-0.23375406067135368
0.2535531458251141,0.875367007512034,-0.23375406067135368
0.10985095628371794,0.904704019556638,-0.23375406067135368
-0.03669631532337475,0.9106096727138762,-0.23375406067135368
-0.18229317163927958,0.8929310136690725,-0.23375406067135368
-0.3231687305639231,0.8521259104053154,-0.23375406067135368
-0.4556743891196828,0.7892511936632018,-0.23375406067135368
-0.5763783203519839,0.7059352855797838,-0.23375406067135368
-0.6821543558447666,0.6043360244105895,-0.23375406067135368
-0.7702629518403624,0.4870847776522651,-0.23375406067135368
-0.838422141983801,0.35721829100660574,-0.23375406067135368
-0.884866639052742,0.21810003826200836,-0.23375406067135368
-0.9083935549692714,0.0733331090891023,-0.23375406067135368
-0.9083935549692715,-0.07333310908910168,-0.23375406067135368
-0.8848666390527422,-0.21810003826200774,-0.23375406067135368
-0.838422141983801,-0.3572182910066055,-0.23375406067135368
-0.7702629518403629,-0.4870847776522646,-0.23375406067135368
-0.6821543558447669,-0.6043360244105891,-0.23375406067135368
-0.5763783203519844,-0.7059352855797834,-0.23375406067135368
-0.4556743891196834,-0.7892511936632016,-0.23375406067135368
-0.3231687305639235,-0.8521259104053153,-0.23375406067135368
-0.18229317163927977,-0.8929310136690725,-0.23375406067135368
-0.03669631532337497,-0.910609672713876,-0.23375406067135368
0.10985095628371712,-0.9047040195566382,-0.23375406067135368
0.2535531458251135,-0.8753670075120342,-0.23375406067135368
0.39068844207497744,-0.8233584497819962,-0.23375406067135368
0.5177051128942936,-0.7500253406928942,-0.23375406067135368
0.631313493227628,-0.657266969250026,-0.23375406067135368
0.7285711857000828,-0.5474857285500331,-0.23375406067135368
0.8069592671637372,-0.42352489506161173,-0.23375406067135368
0.8644475274840463,-0.2885949892584836,-0.23375406067135368
0.8995470509159073,-0.14619062482553194,-0.23375406067135368
0.911348778239366,-2.232160728355381e-16,-0.23375406067135368
0.9499935765559888,0.0,-0.24494766301056692
0.9376914092439189,0.15238968642199086,-0.24494766301056692
0.9011035269790608,0.30083256001227054,-0.24494766301056692
0.8411775366933443,0.44148402831830375,-0.24494766301056692
0.7594654900574952,0.5707012921917805,-0.24494766301056692
0.6580836861580196,0.6851376923730825,-0.24494766301056692
0.5396578604625027,0.7818293862081889,-0.24494766301056692
0.40725517965023533,0.8582721096165795,-0.24494766301056692
0.2643048036063277,0.9124860362154918,-0.24494766301056692
0.11450907198194016,0.9430670537832792,-0.24494766301056692
-0.038252384457932304,0.9492231300284049,-0.24494766301056692
-0.19002312423339737,0.9307948258097583,-0.24494766301056692
-0.33687236490577066,0.8882594245266596,-0.24494766301056692
-0.4749967882779942,0.8227185707295233,-0.24494766301056692
-0.600819044338148,0.7358697381046688,-0.24494766301056692
-0.7110804027456632,0.6299622657974879,-0.24494766301056692
-0.8029251522354116,0.5077391017101012,-0.24494766301056692
-0.8739745620394352,0.3723657615914987,-0.24494766301056692
-0.922388489764347,0.22734834384240965,-0.24494766301056692
-0.9469130401127379,0.07644272340839085,-0.24494766301056692
-0.946913040112738,-0.0764427234083902,-0.24494766301056692
-0.9223884897643472,-0.227348343842409,-0.24494766301056692
-0.8739745620394352,-0.3723657615914985,-0.24494766301056692
-0.8029251522354119,-0.5077391017101006,-0.24494766301056692
-0.7110804027456636,-0.6299622657974875,-0.24494766301056692
-0.6008190443381486,-0.7358697381046684,-0.24494766301056692
-0.47499678827799485,-0.822718570729523,-0.24494766301056692
-0.3368723649057711,-0.8882594245266595,-0.24494766301056692
-0.19002312423339757,-0.9307948258097583,-0.24494766301056692
-0.03825238445793253,-0.9492231300284047,-0.24494766301056692
0.1145090719819393,-0.9430670537832792,-0.24494766301056692
0.2643048036063271,-0.9124860362154921,-0.24494766301056692
0.4072551796502349,-0.8582721096165797,-0.24494766301056692
0.5396578604625024,-0.7818293862081891,-0.24494766301056692
0.6580836861580194,-0.6851376923730826,-0.24494766301056692
0.7594654900574948,-0.5707012921917811,-0.24494766301056692
0.8411775366933439,-0.4414840283183044,-0.24494766301056692
0.9011035269790607,-0.30083256001227104,-0.24494766301056692
0.9376914092439189,-0.15238968642199124,-0.24494766301056692
0.9499935765559888,-2.3268131854796757e-16,-0.24494766301056692
0.9899335149726463,0.0,-0.2497972495428924
0.9771141359478227,0.15879650310078694,-0.2497972495428924
0.9389880140563851,0.31348026018322783,-0.2497972495428924
0.8765425958285917,0.4600450431905256,-0.2497972495428924
0.7913951847954735,0.5946949012297287,-0.2497972495428924
0.6857510541769118,0.7139424737059371,-0.2497972495428924
0.5623463314636192,0.8146993111298841,-0.2497972495428924
0.42437713415235245,0.8943558643374205,-0.2497972495428924
0.27541679198158947,0.950849070442133,-0.2497972495428924
0.11932329956828609,0.9827157850804247,-0.2497972495428924
-0.039860603626191156,0.989130677081979,-0.2497972495428924
-0.19801213812456175,0.9699276041135431,-0.2497972495428924
-0.3510352622564953,0.9256039156780895,-0.2497972495428924
-0.4949667574863229,0.8573075720239347,-0.2497972495428924
-0.6260788736913272,0.7668074125773026,-0.2497972495428924
-0.7409758759318231,0.6564473439303155,-0.2497972495428924
-0.8366819922024001,0.5290856338914535,-0.2497972495428924
-0.9107184843637595,0.3880208838506961,-0.2497972495428924
-0.9611678461585009,0.23690659673619618,-0.2497972495428924
-0.9867234656159715,0.07965655320753663,-0.2497972495428924
-0.9867234656159716,-0.07965655320753594,-0.2497972495428924
-0.9611678461585011,-0.23690659673619552,-0.2497972495428924
-0.9107184843637595,-0.3880208838506959,-0.2497972495428924
-0.8366819922024006,-0.5290856338914529,-0.2497972495428924
-0.7409758759318236,-0.656447343930315,-0.2497972495428924
-0.6260788736913278,-0.7668074125773021,-0.2497972495428924
-0.49496675748632357,-0.8573075720239345,-0.2497972495428924
-0.35103526225649573,-0.9256039156780894,-0.2497972495428924
-0.19801213812456198,-0.9699276041135431,-0.2497972495428924
-0.03986060362619139,-0.9891306770819789,-0.2497972495428924
0.1193232995682852,-0.9827157850804248,-0.2497972495428924
0.2754167919815888,-0.9508490704421332,-0.2497972495428924
0.424377134152352,-0.8943558643374208,-0.2497972495428924
0.5623463314636189,-0.8146993111298844,-0.2497972495428924
0.6857510541769116,-0.7139424737059372,-0.2497972495428924
0.791395184795473,-0.5946949012297293,-0.2497972495428924
0.8765425958285914,-0.46004504319052625,-0.2497972495428924
0.938988014056385,-0.31348026018322833,-0.2497972495428924
0.9771141359478227,-0.15879650310078736,-0.2497972495428924
0.9899335149726463,-2.4246378209598795e-16,-0.2497972495428924
1.0301341700638307,0.0,-0.24817721852451352
1.0167942031137924,0.16524514167528487,-0.24817721852451352
0.9771198004005216,0.3262105209804581,-0.24817721852451352
0.9121385081142873,0.47872721914273825,-0.24817721852451352
0.823533307592201,0.6188451337930568,-0.24817721852451352
0.713599026985615,0.7429352845425239,-0.24817721852451352
0.5851829064164195,0.8477838016682846,-0.24817721852451352
0.44161085595347305,0.9306751636511732,-0.24817721852451352
0.2866013162888388,0.9894625277566615,-0.24817721852451352
0.12416895307706673,1.0226233321339986,-0.24817721852451352
-0.04147932079645203,1.0292987293683804,-0.24817721852451352
-0.20605330204942737,1.0093158301778609,-0.24817721852451352
-0.3652906110141407,0.9631921811549411,-0.24817721852451352
-0.5150670850319151,0.8921223605816766,-0.24817721852451352
-0.6515035920996516,0.7979470394796562,-0.24817721852451352
-0.771066498351094,0.683105309197403,-0.24817721852451352
-0.8706591873178349,0.5505715102256422,-0.24817721852451352
-0.9477022606692675,0.4037781983409418,-0.24817721852451352
-1.0002003432744533,0.246527243214138,-0.24817721852451352
-1.0267937623698924,0.08289136198288882,-0.24817721852451352
-1.0267937623698924,-0.08289136198288811,-0.24817721852451352
-1.0002003432744535,-0.2465272432141373,-0.24817721852451352
-0.9477022606692675,-0.4037781983409416,-0.24817721852451352
-0.8706591873178353,-0.5505715102256415,-0.24817721852451352
-0.7710664983510944,-0.6831053091974025,-0.24817721852451352
-0.6515035920996521,-0.7979470394796557,-0.24817721852451352
-0.5150670850319158,-0.8921223605816764,-0.24817721852451352
-0.3652906110141411,-0.963192181154941,-0.24817721852451352
-0.20605330204942762,-1.0093158301778609,-0.24817721852451352
-0.04147932079645228,-1.0292987293683802,-0.24817721852451352
0.1241689530770658,-1.0226233321339988,-0.24817721852451352
0.2866013162888381,-0.9894625277566618,-0.24817721852451352
0.4416108559534726,-0.9306751636511734,-0.24817721852451352
0.5851829064164191,-0.8477838016682848,-0.24817721852451352
0.7135990269856147,-0.742935284542524,-0.24817721852451352
0.8235333075922004,-0.6188451337930576,-0.24817721852451352
0.912138508114287,-0.47872721914273897,-0.24817721852451352
0.9771198004005215,-0.3262105209804587,-0.24817721852451352
1.0167942031137924,-0.16524514167528528,-0.24817721852451352
1.0301341700638307,-2.523101028121971e-16,-0.24817721852451352
1.069554365979113,0.0,-0.24012952790784312
1.0557039178452097,0.17156858579371914,-0.24012952790784312
1.0145112927748627,0.33869363533621155,-0.24012952790784312
0.947043358119904,0.497046697631075,-0.24012952790784312
0.8550474979486217,0.6425265115439082,-0.24012952790784312
0.7409063567162506,0.771365226311398,-0.24012952790784312
0.6075761300251268,0.8802259868969289,-0.24012952790784312
0.4585100007114056,0.9662893567832613,-0.24012952790784312
0.29756870322347834,1.0273263398973471,-0.24012952790784312
0.1289205326277093,1.061756110437783,-0.24012952790784312
-0.04306661204427819,1.0686869554326983,-0.24012952790784312
-0.2139383540861693,1.0479393696373291,-0.24012952790784312
-0.37926920513387397,1.0000507046255713,-0.24012952790784312
-0.5347771829895562,0.9262612516664706,-0.24012952790784312
-0.6764347127113356,0.8284821188318521,-0.24012952790784312
-0.8005729386886933,0.7092457343011179,-0.24012952790784312
-0.9039767460756254,0.5716402578016233,-0.24012952790784312
-0.9839680305763308,0.41922959889387496,-0.24012952790784312
-1.0384750599397286,0.2559611135859494,-0.24012952790784312
-1.0660861307365321,0.08606336988633269,-0.24012952790784312
-1.0660861307365324,-0.08606336988633194,-0.24012952790784312
-1.0384750599397288,-0.25596111358594875,-0.24012952790784312
-0.9839680305763308,-0.41922959889387473,-0.24012952790784312
-0.903976746075626,-0.5716402578016226,-0.24012952790784312
-0.8005729386886937,-0.7092457343011175,-0.24012952790784312
-0.6764347127113362,-0.8284821188318516,-0.24012952790784312
-0.5347771829895569,-0.9262612516664703,-0.24012952790784312
-0.3792692051338744,-1.000050704625571,-0.24012952790784312
-0.21393835408616954,-1.0479393696373291,-0.24012952790784312
-0.043066612044278446,-1.068686955432698,-0.24012952790784312
0.12892053262770833,-1.0617561104377833,-0.24012952790784312
0.2975687032234776,-1.0273263398973473,-0.24012952790784312
0.45851000071140513,-0.9662893567832616,-0.24012952790784312
0.6075761300251264,-0.8802259868969291,-0.24012952790784312
0.7409063567162503,-0.7713652263113981,-0.24012952790784312
0.8550474979486211,-0.6425265115439089,-0.24012952790784312
0.9470433581199037,-0.49704669763107573,-0.24012952790784312
1.0145112927748627,-0.33869363533621216,-0.24012952790784312
1.0557039178452097,-0.17156858579371959,-0.24012952790784312
1.069554365979113,-2.619652661620795e-16,-0.24012952790784312
1.1071731403507634,0.0,-0.2258626086525956
1.0928355389688638,0.17760306157497469,-0.2258626086525956
1.0501940711677606,0.35060629714575237,-0.2258626086525956
0.9803531285649706,0.5145290137854673,-0.2258626086525956
0.8851215548881468,0.6651256992377912,-0.2258626086525956
0.7669657978726756,0.7984959784543071,-0.2258626086525956
0.628946029560895,0.911185631259491,-0.2258626086525956
0.474636889453632,1.000276054838839,-0.2258626086525956
0.3080349032248042,1.0634598540186915,-0.2258626086525956
0.1334549748057421,1.099100601589213,-0.2258626086525956
-0.044581367360116655,1.10627522090955,-0.2258626086525956
-0.22146307552886316,1.0847978931079596,-0.2258626086525956
-0.3926090063706117,1.0352248696929822,-0.2258626086525956
-0.5535865701753815,0.9588400659315549,-0.2258626086525956
-0.7002265325982518,0.8576218081180076,-0.2258626086525956
-0.8287309956388972,0.7341915959622075,-0.2258626086525956
-0.9357717612048534,0.5917462071240828,-0.2258626086525956
-1.0185765296938887,0.4339749023514219,-0.2258626086525956
-1.0750007010974794,0.2649638755643847,-0.2258626086525956
-1.1035829190145268,0.08909042357934811,-0.2258626086525956
-1.1035829190145268,-0.08909042357934735,-0.2258626086525956
-1.0750007010974798,-0.264963875564384,-0.2258626086525956
-1.0185765296938887,-0.43397490235142167,-0.2258626086525956
-0.935771761204854,-0.5917462071240822,-0.2258626086525956
-0.8287309956388976,-0.7341915959622071,-0.2258626086525956
-0.7002265325982524,-0.857621808118007,-0.2258626086525956
-0.5535865701753822,-0.9588400659315547,-0.2258626086525956
-0.3926090063706122,-1.0352248696929822,-0.2258626086525956
-0.2214630755288634,-1.0847978931079596,-0.2258626086525956
-0.044581367360116926,-1.1062752209095499,-0.2258626086525956
0.1334549748057411,-1.099100601589213,-0.2258626086525956
0.3080349032248035,-1.0634598540186917,-0.2258626086525956
0.4746368894536315,-1.0002760548388392,-0.2258626086525956
0.6289460295608946,-0.9111856312594913,-0.2258626086525956
0.7669657978726754,-0.7984959784543073,-0.2258626086525956
0.8851215548881461,-0.665125699237792,-0.2258626086525956
0.9803531285649701,-0.514529013785468,-0.2258626086525956
1.0501940711677606,-0.350606297145753,-0.2258626086525956
1.0928355389688638,-0.17760306157497513,-0.2258626086525956
1.1071731403507634,-2.7117920848649713e-16,-0.2258626086525956
1.142016186682789,0.0,-0.20574596647341414
1.1272273770019945,0.18319227926608117,-0.20574596647341414
1.0832439703621397,0.36163997472564663,-0.20574596647341414
1.0112051138917766,0.5307213848005542,-0.20574596647341414
0.9129765761332175,0.6860573897842409,-0.20574596647341414
0.791102424617333,0.8236248687418779,-0.20574596647341414
0.648739135850839,0.9398608962293332,-0.20574596647341414
0.4895738442327933,1.0317550201906571,-0.20574596647341414
0.31772884721042377,1.096927231085013,-0.20574596647341414
0.13765483994058686,1.1336896028836243,-0.20574596647341414
-0.045984355376951565,1.1410900094672922,-0.20574596647341414
-0.22843258004469744,1.1189367841927538,-0.20574596647341414
-0.40496452087939744,1.0678036839580667,-0.20574596647341414
-0.5710080933413942,0.9890150292003272,-0.20574596647341414
-0.7222628561225968,0.8846114046919854,-0.20574596647341414
-0.8548113903174419,0.7572968094671074,-0.20574596647341414
-0.9652207585148245,0.610368624666738,-0.20574596647341414
-1.0506314160738042,0.44763221309938345,-0.20574596647341414
-1.1088312718277564,0.2733023623431356,-0.20574596647341414
-1.138312980083632,0.09189412396132411,-0.20574596647341414
-1.1383129800836322,-0.09189412396132332,-0.20574596647341414
-1.1088312718277566,-0.2733023623431348,-0.20574596647341414
-1.0506314160738042,-0.4476322130993832,-0.20574596647341414
-0.965220758514825,-0.6103686246667375,-0.20574596647341414
-0.8548113903174425,-0.757296809467107,-0.20574596647341414
-0.7222628561225974,-0.8846114046919848,-0.20574596647341414
-0.571008093341395,-0.9890150292003269,-0.20574596647341414
-0.40496452087939794,-1.0678036839580665,-0.20574596647341414
-0.2284325800446977,-1.1189367841927538,-0.20574596647341414
-0.04598435537695184,-1.141090009467292,-0.20574596647341414
0.13765483994058583,-1.1336896028836245,-0.20574596647341414
0.31772884721042305,-1.0969272310850133,-0.20574596647341414
0.4895738442327928,-1.0317550201906573,-0.20574596647341414
0.6487391358508386,-0.9398608962293334,-0.20574596647341414
0.7911024246173328,-0.823624868741878,-0.20574596647341414
0.9129765761332168,-0.6860573897842418,-0.20574596647341414
1.0112051138917761,-0.530721384800555,-0.20574596647341414
1.0832439703621395,-0.3616399747256473,-0.20574596647341414
1.1272273770019945,-0.18319227926608164,-0.20574596647341414
1.142016186682789,-2.797132935191087e-16,-0.20574596647341414
1.1731810883773999,0.0,-0.18030061183595364
1.157988701404745,0.1881914810647199,-0.18030061183595364
1.1128050153291784,0.3715089016222992,-0.18030061183595364
1.0388002638861598,0.545204436772506,-0.18030061183595364
0.9378911312651557,0.7047794633930156,-0.18030061183595364
0.8126911109959226,0.8461010721152606,-0.18030061183595364
0.6664428178388895,0.9655091075061598,-0.18030061183595364
0.5029340057661305,1.0599109641712432,-0.18030061183595364
0.326399467123104,1.1268616836098981,-0.18030061183595364
0.14141135373133876,1.1646272773562583,-0.18030061183595364
-0.04723923944210257,1.172229636369646,-0.18030061183595364
-0.2346663611276242,1.14947186354495,-0.18030061183595364
-0.4160157473245067,1.096943373244222,-0.18030061183595364
-0.5865905441886997,1.016004625774305,-0.18030061183595364
-0.741972954080238,0.9087518921795021,-0.18030061183595364
-0.878138654201554,0.7779629619226509,-0.18030061183595364
-0.9915610244440567,0.62702519959714,-0.18030061183595364
-1.0793024849964943,0.45984781396324265,-0.18030061183595364
-1.1390905781190261,0.2807606114946379,-0.18030061183595364
-1.1693768236050197,0.09440185666508355,-0.18030061183595364
-1.16937682360502,-0.09440185666508273,-0.18030061183595364
-1.1390905781190266,-0.2807606114946371,-0.18030061183595364
-1.0793024849964943,-0.45984781396324237,-0.18030061183595364
-0.9915610244440571,-0.6270251995971394,-0.18030061183595364
-0.8781386542015545,-0.7779629619226505,-0.18030061183595364
-0.7419729540802387,-0.9087518921795016,-0.18030061183595364
-0.5865905441887005,-1.0160046257743047,-0.18030061183595364
-0.4160157473245072,-1.096943373244222,-0.18030061183595364
-0.23466636112762446,-1.14947186354495,-0.18030061183595364
-0.04723923944210286,-1.1722296363696458,-0.18030061183595364
0.1414113537313377,-1.1646272773562583,-0.18030061183595364
0.32639946712310325,-1.1268616836098984,-0.18030061183595364
0.50293400576613,-1.0599109641712434,-0.18030061183595364
0.6664428178388891,-0.9655091075061601,-0.18030061183595364
0.8126911109959224,-0.8461010721152608,-0.18030061183595364
0.937891131265155,-0.7047794633930164,-0.18030061183595364
1.0388002638861593,-0.5452044367725067,-0.18030061183595364
1.1128050153291784,-0.3715089016222998,-0.18030061183595364
1.157988701404745,-0.1881914810647204,-0.18030061183595364
1.1731810883773999,-2.8734649294031816e-16,-0.18030061183595364
1.199860690850875,0.0,-0.1501855660594949
1.184322810033264,0.19247119027026593,-0.1501855660594949
1.138111590531933,0.3799574778129954,-0.1501855660594949
1.0624238786583307,0.5576030662628462,-0.1501855660594949
0.9592199463930576,0.7208070281919002,-0.1501855660594949
0.8311727213712539,0.8653424667132911,-0.1501855660594949
0.6815985594608721,0.9874659898902864,-0.1501855660594949
0.5143713528876999,1.0840146626211367,-0.1501855660594949
0.3338221984615734,1.1524879249967963,-0.1501855660594949
0.14462722444402318,1.1911123554890855,-0.1501855660594949
-0.04831351871744252,1.1988876016367334,-0.1501855660594949
-0.24000296712205016,1.1756122886486646,-0.1501855660594949
-0.42547646474595313,1.1218892349053113,-0.1501855660594949
-0.5999303454254373,1.0391098392792046,-0.1501855660594949
-0.7588463452873104,0.9294180446350454,-0.1501855660594949
-0.8981086234098825,0.7956548108356696,-0.1501855660594949
-1.0141103599408876,0.6412845353738873,-0.1501855660594949
-1.1038471708370805,0.4703053272971852,-0.1501855660594949
-1.1649949198328269,0.2871454582835056,-0.1501855660594949
-1.1959699123485716,0.09654867273085037,-0.1501855660594949
-1.1959699123485719,-0.09654867273084954,-0.1501855660594949
-1.164994919832827,-0.28714545828350474,-0.1501855660594949
-1.1038471708370805,-0.47030532729718494,-0.1501855660594949
-1.014110359940888,-0.6412845353738866,-0.1501855660594949
-0.898108623409883,-0.795654810835669,-0.1501855660594949
-0.7588463452873111,-0.9294180446350448,-0.1501855660594949
-0.5999303454254381,-1.0391098392792044,-0.1501855660594949
-0.42547646474595363,-1.1218892349053111,-0.1501855660594949
-0.2400029671220504,-1.1756122886486646,-0.1501855660594949
-0.04831351871744281,-1.1988876016367334,-0.1501855660594949
0.1446272244440221,-1.1911123554890857,-0.1501855660594949
0.33382219846157263,-1.1524879249967965,-0.1501855660594949
0.5143713528876993,-1.0840146626211369,-0.1501855660594949
0.6815985594608718,-0.9874659898902868,-0.1501855660594949
0.8311727213712536,-0.8653424667132912,-0.1501855660594949
0.959219946393057,-0.7208070281919011,-0.1501855660594949
1.0624238786583302,-0.557603066262847,-0.1501855660594949
1.1381115905319328,-0.37995747781299605,-0.1501855660594949
1.184322810033264,-0.19247119027026643,-0.1501855660594949
1.199860690850875,-2.938811108946512e-16,-0.1501855660594949
1.2213640064133024,0.0,-0.1161807930109423
1.2055476633067437,0.1959205646623235,-0.1161807930109423
1.1585082689655846,0.38676688961222927,-0.1161807930109423
1.0814641189946044,0.5675961552804756,-0.1161807930109423
0.976410616408622,0.7337249786714967,-0.1161807930109423
0.8460685917425492,0.88085071052292,-0.1161807930109423
0.6938138349697226,1.005162871661384,-0.1161807930109423
0.523589664314815,1.1034418424115757,-0.1161807930109423
0.33980479638314715,1.1731422490546324,-0.1161807930109423
0.1472191627164008,1.2124588876704379,-0.1161807930109423
-0.049179369934033074,1.2203734779709223,-0.1161807930109423
-0.2443041827359099,1.196681036224646,-0.1161807930109423
-0.43310164553200764,1.141995184227771,-0.1161807930109423
-0.610682003206651,1.0577322568218601,-0.1161807930109423
-0.7724460177747358,0.9460746195654475,-0.1161807930109423
-0.9142040862296742,0.809914146612417,-0.1161807930109423
-1.0322847490605709,0.6527773226904469,-0.1161807930109423
-1.1236297791250227,0.47873390899894125,-0.1161807930109423
-1.185873388125696,0.29229153853171286,-0.1161807930109423
-1.2174034992845373,0.09827897075019187,-0.1161807930109423
-1.2174034992845375,-0.09827897075019103,-0.1161807930109423
-1.1858733881256962,-0.292291538531712,-0.1161807930109423
-1.1236297791250227,-0.47873390899894097,-0.1161807930109423
-1.0322847490605713,-0.6527773226904462,-0.1161807930109423
-0.9142040862296748,-0.8099141466124165,-0.1161807930109423
-0.7724460177747364,-0.9460746195654469,-0.1161807930109423
-0.6106820032066518,-1.0577322568218597,-0.1161807930109423
-0.4331016455320082,-1.141995184227771,-0.1161807930109423
-0.24430418273591017,-1.196681036224646,-0.1161807930109423
-0.04917936993403337,-1.220373477970922,-0.1161807930109423
0.14721916271639968,-1.212458887670438,-0.1161807930109423
0.3398047963831463,-1.1731422490546328,-0.1161807930109423
0.5235896643148145,-1.103441842411576,-0.1161807930109423
0.6938138349697222,-1.0051628716613845,-0.1161807930109423
0.846068591742549,-0.8808507105229202,-0.1161807930109423
0.9764106164086214,-0.7337249786714976,-0.1161807930109423
1.081464118994604,-0.5675961552804764,-0.1161807930109423
1.1585082689655843,-0.38676688961222994,-0.1161807930109423
1.2055476633067437,-0.19592056466232402,-0.1161807930109423
1.2213640064133024,-2.9914790420956766e-16,-0.1161807930109423
1.2371341104867863,0.0,-0.07916699845036826
1.2211135486743032,0.19845026725601123,-0.07916699845036826
1.173466787372583,0.39176077683121985,-0.07916699845036826
1.095427852671649,0.5749248880689654,-0.07916699845036826
0.9890179119882888,0.7431987466998698,-0.07916699845036826
0.8569929268916325,0.8922241481755833,-0.07916699845036826
0.7027722751461501,1.0181414128773252,-0.07916699845036826
0.5303501906236695,1.1176893497906157,-0.07916699845036826
0.34419231474417034,1.1882897196395255,-0.07916699845036826
0.14912003870869947,1.2281140099296353,-0.07916699845036826
-0.04981436800017522,1.236130792461168,-0.07916699845036826
-0.24745860874412892,1.2121324367775792,-0.07916699845036826
-0.4386938015056345,1.1567404876853178,-0.07916699845036826
-0.618567055243393,1.0713895675698215,-0.07916699845036826
-0.7824197471686685,0.9582902204293066,-0.07916699845036826
-0.9260081786284537,0.8203716599463596,-0.07916699845036826
-1.045613484671473,0.6612059043922028,-0.07916699845036826
-1.138137950696988,0.4849152632297653,-0.07916699845036826
-1.2011852416358024,0.2960655714639426,-0.07916699845036826
-1.2331224657698194,0.0995479369132908,-0.07916699845036826
-1.2331224657698197,-0.09954793691328993,-0.07916699845036826
-1.2011852416358026,-0.29606557146394175,-0.07916699845036826
-1.138137950696988,-0.484915263229765,-0.07916699845036826
-1.0456134846714737,-0.6612059043922022,-0.07916699845036826
-0.9260081786284543,-0.8203716599463591,-0.07916699845036826
-0.7824197471686691,-0.958290220429306,-0.07916699845036826
-0.6185670552433937,-1.0713895675698213,-0.07916699845036826
-0.438693801505635,-1.1567404876853178,-0.07916699845036826
-0.2474586087441292,-1.2121324367775792,-0.07916699845036826
-0.04981436800017552,-1.236130792461168,-0.07916699845036826
0.14912003870869836,-1.2281140099296353,-0.07916699845036826
0.3441923147441695,-1.1882897196395257,-0.07916699845036826
0.530350190623669,-1.117689349790616,-0.07916699845036826
0.7027722751461497,-1.0181414128773254,-0.07916699845036826
0.8569929268916322,-0.8922241481755834,-0.07916699845036826
0.9890179119882881,-0.7431987466998708,-0.07916699845036826
1.0954278526716485,-0.5749248880689661,-0.07916699845036826
1.173466787372583,-0.3917607768312205,-0.07916699845036826
1.2211135486743032,-0.19845026725601175,-0.07916699845036826
1.2371341104867863,-3.030104657047302e-16,-0.07916699845036826
1.2467625656594783,0.0,-0.04010282021444016
1.230617317881306,0.19999478008294427,-0.04010282021444016
1.1825997279835359,0.3948098004141636,-0.04010282021444016
1.1039534263220407,0.5793994542987,-0.04010282021444016
0.9967153107988524,0.7489829666614267,-0.04010282021444016
0.8636627922764317,0.8991682136102689,-0.04010282021444016
0.7082418610952377,1.026065476137931,-0.04010282021444016
0.5344778377340054,1.1263881818010109,-0.04010282021444016
0.34687111912374996,1.1975380252199268,-0.04010282021444016
0.15028062073120296,1.2376722628234218,-0.04010282021444016
-0.050202066799505014,1.24575143893911,-0.04010282021444016
-0.2493845471700382,1.2215663071493907,-0.04010282021444016
-0.442108098764541,1.1657432496637532,-0.04010282021444016
-0.6233812828297389,1.0797280543485726,-0.04010282021444016
-0.7885092191167649,0.9657484695808088,-0.04010282021444016
-0.9332151808134973,0.8267565067352275,-0.04010282021444016
-1.0537513595225354,0.6663519846404101,-0.04010282021444016
-1.146995931530055,0.488689296161995,-0.04010282021444016
-1.2105339114001812,0.2983698116096583,-0.04010282021444016
-1.2427196988292428,0.10032270566308013,-0.04010282021444016
-1.2427196988292428,-0.10032270566307926,-0.04010282021444016
-1.2105339114001814,-0.2983698116096575,-0.04010282021444016
-1.146995931530055,-0.48868929616199475,-0.04010282021444016
-1.0537513595225358,-0.6663519846404095,-0.04010282021444016
-0.9332151808134979,-0.8267565067352269,-0.04010282021444016
-0.7885092191167655,-0.9657484695808083,-0.04010282021444016
-0.6233812828297397,-1.079728054348572,-0.04010282021444016
-0.44210809876454155,-1.165743249663753,-0.04010282021444016
-0.24938454717003847,-1.2215663071493907,-0.04010282021444016
-0.05020206679950532,-1.2457514389391098,-0.04010282021444016
0.15028062073120185,-1.237672262823422,-0.04010282021444016
0.3468711191237491,-1.197538025219927,-0.04010282021444016
0.5344778377340048,-1.126388181801011,-0.04010282021444016
0.7082418610952372,-1.0260654761379313,-0.04010282021444016
0.8636627922764314,-0.899168213610269,-0.04010282021444016
0.9967153107988517,-0.7489829666614277,-0.04010282021444016
1.1039534263220403,-0.5793994542987008,-0.04010282021444016
1.1825997279835359,-0.3948098004141643,-0.04010282021444016
1.230617317881306,-0.1999947800829448,-0.04010282021444016
1.2467625656594783,-3.0536875706632436e-16,-0.04010282021444016
1.25,0.0,-6.123233995736766e-17
1.233812828297391,0.20051410107220027,-6.123233995736766e-17
1.185670552433932,0.3958349922518406,-6.123233995736766e-17
1.1068200320665125,0.5809039650547106,-6.123233995736766e-17
0.9993034542543765,0.7509278302974736,-6.123233995736766e-17
0.8659054418869994,0.901503059179768,-6.123233995736766e-17
0.7100809334139448,1.0287298323670704,-6.123233995736766e-17
0.5358657017538178,1.1293130432629779,-6.123233995736766e-17
0.34777182989556593,1.2006476395392154,-6.123233995736766e-17
0.15067085031915403,1.2408860926225675,-6.123233995736766e-17
-0.050332425136768624,1.2489862477144622,-6.123233995736766e-17
-0.2500321172200554,1.2247383150528346,-6.123233995736766e-17
-0.44325610880316935,1.1687703033567685,-6.123233995736766e-17
-0.6249999999999998,1.0825317547305484,-6.123233995736766e-17
-0.7905567194942215,0.9682562022845682,-6.123233995736766e-17
-0.935638435213876,0.8289033228009943,-6.123233995736766e-17
-1.0564876069297433,0.6680822826597516,-6.123233995736766e-17
-1.1499743045735302,0.48995826232509393,-6.123233995736766e-17
-1.2136772717825648,0.29914458035944763,-6.123233995736766e-17
-1.2459466351677624,0.1005832108959076,-6.123233995736766e-17
-1.2459466351677626,-0.10058321089590674,-6.123233995736766e-17
-1.2136772717825652,-0.2991445803594468,-6.123233995736766e-17
-1.1499743045735302,-0.48995826232509365,-6.123233995736766e-17
-1.0564876069297437,-0.6680822826597509,-6.123233995736766e-17
-0.9356384352138767,-0.8289033228009937,-6.123233995736766e-17
-0.7905567194942221,-0.9682562022845677,-6.123233995736766e-17
-0.6250000000000006,-1.0825317547305482,-6.123233995736766e-17
-0.4432561088031699,-1.1687703033567685,-6.123233995736766e-17
-0.2500321172200557,-1.2247383150528346,-6.123233995736766e-17
-0.05033242513676893,-1.248986247714462,-6.123233995736766e-17
0.1506708503191529,-1.2408860926225675,-6.123233995736766e-17
0.3477718298955651,-1.2006476395392156,-6.123233995736766e-17
0.5358657017538172,-1.129313043262978,-6.123233995736766e-17
0.7100809334139445,-1.0287298323670706,-6.123233995736766e-17
0.8659054418869991,-0.9015030591797681,-6.123233995736766e-17
0.9993034542543757,-0.7509278302974745,-6.123233995736766e-17
1.106820032066512,-0.5809039650547114,-6.123233995736766e-17
1.1856705524339317,-0.39583499225184127,-6.123233995736766e-17
1.233812828297391,-0.2005141010722008,-6.123233995736766e-17
1.25,-3.061616997868383e-16,-6.123233995736766e-17
